{"mean":{"confidence_interval":{"confidence_level":0.95,"lower_bound":2194708978.9,"upper_bound":2232894114.2},"point_estimate":2214216753.2,"standard_error":9722520.27432131},"median":{"confidence_interval":{"confidence_level":0.95,"lower_bound":2200967180.0,"upper_bound":2230250236.0},"point_estimate":2216055138.5,"standard_error":7437384.299663654},"median_abs_dev":{"confidence_interval":{"confidence_level":0.95,"lower_bound":3501605.359134078,"upper_bound":54017392.14549959},"point_estimate":18867801.515829563,"standard_error":11472476.917639261},"slope":null,"std_dev":{"confidence_interval":{"confidence_level":0.95,"lower_bound":10155039.322892126,"upper_bound":45277088.73533394},"point_estimate":32509456.15572613,"standard_error":8944387.381176386}}