{"mean":{"confidence_interval":{"confidence_level":0.95,"lower_bound":5365075426.79,"upper_bound":5401846834.9325},"point_estimate":5382821405.91,"standard_error":9428877.055963255},"median":{"confidence_interval":{"confidence_level":0.95,"lower_bound":5353943671.0,"upper_bound":5398683971.0},"point_estimate":5372262751.0,"standard_error":10936041.44020759},"median_abs_dev":{"confidence_interval":{"confidence_level":0.95,"lower_bound":60681451.448088884,"upper_bound":95737960.00361145},"point_estimate":79985067.67398119,"standard_error":9016836.611543544},"slope":null,"std_dev":{"confidence_interval":{"confidence_level":0.95,"lower_bound":72814743.23954523,"upper_bound":117061589.78910932},"point_estimate":94624395.620329,"standard_error":11647669.229642536}}