{"mean":{"confidence_interval":{"confidence_level":0.95,"lower_bound":13162151929.111,"upper_bound":13183185809.65},"point_estimate":13172621168.3,"standard_error":5370206.517188387},"median":{"confidence_interval":{"confidence_level":0.95,"lower_bound":13145498833.0,"upper_bound":13191218831.5},"point_estimate":13167777565.5,"standard_error":12348878.63883319},"median_abs_dev":{"confidence_interval":{"confidence_level":0.95,"lower_bound":46244325.8235991,"upper_bound":70249917.42741466},"point_estimate":55142642.5301224,"standard_error":6077634.205711671},"slope":null,"std_dev":{"confidence_interval":{"confidence_level":0.95,"lower_bound":47174863.652044944,"upper_bound":61402735.287249},"point_estimate":54387820.973794095,"standard_error":3640943.7471467676}}