{"mean":{"confidence_interval":{"confidence_level":0.95,"lower_bound":201200300715.198,"upper_bound":201541217016.469},"point_estimate":201359563483.29,"standard_error":86836603.09780167},"median":{"confidence_interval":{"confidence_level":0.95,"lower_bound":201233064943.0,"upper_bound":201407058582.0},"point_estimate":201300364753.5,"standard_error":40865606.745653145},"median_abs_dev":{"confidence_interval":{"confidence_level":0.95,"lower_bound":300204275.6854087,"upper_bound":532758615.40234387},"point_estimate":402407945.35413086,"standard_error":57808170.67588042},"slope":null,"std_dev":{"confidence_interval":{"confidence_level":0.95,"lower_bound":570914198.5465719,"upper_bound":1147071500.6569474},"point_estimate":861674294.9554279,"standard_error":150627220.94063178}}