{"mean":{"confidence_interval":{"confidence_level":0.95,"lower_bound":755523510.81,"upper_bound":765506238.82},"point_estimate":760405145.69,"standard_error":2533372.895213912},"median":{"confidence_interval":{"confidence_level":0.95,"lower_bound":755758402.5,"upper_bound":760328572.0},"point_estimate":757357884.0,"standard_error":1179012.0777288792},"median_abs_dev":{"confidence_interval":{"confidence_level":0.95,"lower_bound":9550800.059339404,"upper_bound":15463724.54816401},"point_estimate":12880648.435422778,"standard_error":1553731.2667435245},"slope":null,"std_dev":{"confidence_interval":{"confidence_level":0.95,"lower_bound":18965952.39568809,"upper_bound":31534776.51592251},"point_estimate":25796290.12057352,"standard_error":3190172.5410630116}}