{"mean":{"confidence_interval":{"confidence_level":0.95,"lower_bound":389437638.1,"upper_bound":397227464.75675},"point_estimate":393248585.59,"standard_error":1976374.1384992453},"median":{"confidence_interval":{"confidence_level":0.95,"lower_bound":385650404.0,"upper_bound":392602832.0},"point_estimate":389644983.0,"standard_error":1897481.9771345241},"median_abs_dev":{"confidence_interval":{"confidence_level":0.95,"lower_bound":10322437.748140097,"upper_bound":17704432.0032835},"point_estimate":13396697.749561071,"standard_error":1873835.8651600617},"slope":null,"std_dev":{"confidence_interval":{"confidence_level":0.95,"lower_bound":17018254.83729629,"upper_bound":22494978.310656045},"point_estimate":19992426.767807744,"standard_error":1403107.3141965289}}