{"mean":{"confidence_interval":{"confidence_level":0.95,"lower_bound":27256174258.43,"upper_bound":27409011320.898746},"point_estimate":27332884693.1,"standard_error":38979907.13270582},"median":{"confidence_interval":{"confidence_level":0.95,"lower_bound":27290068983.0,"upper_bound":27411934529.0},"point_estimate":27384262468.5,"standard_error":35258639.4810139},"median_abs_dev":{"confidence_interval":{"confidence_level":0.95,"lower_bound":184288471.03802562,"upper_bound":301550118.4136152},"point_estimate":253648038.25544715,"standard_error":30039317.639090676},"slope":null,"std_dev":{"confidence_interval":{"confidence_level":0.95,"lower_bound":272964132.462489,"upper_bound":508945552.9019166},"point_estimate":390768907.5179311,"standard_error":61196831.771422945}}