{"mean":{"confidence_interval":{"confidence_level":0.95,"lower_bound":10119540733.77,"upper_bound":10180520528.612999},"point_estimate":10149643414.58,"standard_error":15534364.08946003},"median":{"confidence_interval":{"confidence_level":0.95,"lower_bound":10101942952.0,"upper_bound":10189202502.0},"point_estimate":10138389787.0,"standard_error":22875666.714603722},"median_abs_dev":{"confidence_interval":{"confidence_level":0.95,"lower_bound":140353548.9393264,"upper_bound":208670498.4816581},"point_estimate":178655416.20493233,"standard_error":17061425.7023102},"slope":null,"std_dev":{"confidence_interval":{"confidence_level":0.95,"lower_bound":136201613.61234814,"upper_bound":173795490.3654598},"point_estimate":155598095.37154695,"standard_error":9594530.305201376}}