{"mean":{"confidence_interval":{"confidence_level":0.95,"lower_bound":14920972281.66,"upper_bound":14975988047.09},"point_estimate":14947747572.7,"standard_error":14090435.230225276},"median":{"confidence_interval":{"confidence_level":0.95,"lower_bound":14905071555.0,"upper_bound":14967260740.0},"point_estimate":14932489186.5,"standard_error":14127295.886085948},"median_abs_dev":{"confidence_interval":{"confidence_level":0.95,"lower_bound":91652770.30698808,"upper_bound":157661865.81204236},"point_estimate":134054479.06345725,"standard_error":17933264.86316822},"slope":null,"std_dev":{"confidence_interval":{"confidence_level":0.95,"lower_bound":116905516.16453597,"upper_bound":163979817.26682332},"point_estimate":141288854.22171456,"standard_error":12022273.65149661}}