{"mean":{"confidence_interval":{"confidence_level":0.95,"lower_bound":14286876848.4475,"upper_bound":14342606551.02},"point_estimate":14314422688.77,"standard_error":14156402.251134396},"median":{"confidence_interval":{"confidence_level":0.95,"lower_bound":14264377538.0,"upper_bound":14325107904.0},"point_estimate":14291098712.0,"standard_error":16147160.732351879},"median_abs_dev":{"confidence_interval":{"confidence_level":0.95,"lower_bound":81975905.88383675,"upper_bound":154781253.38228345},"point_estimate":122880690.89763165,"standard_error":17970437.433506377},"slope":null,"std_dev":{"confidence_interval":{"confidence_level":0.95,"lower_bound":117224964.0399442,"upper_bound":163601552.8962069},"point_estimate":141848220.4579922,"standard_error":11842036.354781298}}