{"mean":{"confidence_interval":{"confidence_level":0.95,"lower_bound":22001787088.1,"upper_bound":22157099409.2},"point_estimate":22069059622.32,"standard_error":39938064.99508495},"median":{"confidence_interval":{"confidence_level":0.95,"lower_bound":21970087222.5,"upper_bound":22069138737.0},"point_estimate":22017618929.5,"standard_error":22165772.270955898},"median_abs_dev":{"confidence_interval":{"confidence_level":0.95,"lower_bound":185283271.89876437,"upper_bound":287601451.65905356},"point_estimate":242489619.46224868,"standard_error":24304608.767520595},"slope":null,"std_dev":{"confidence_interval":{"confidence_level":0.95,"lower_bound":206872964.9057202,"upper_bound":611415445.6829683},"point_estimate":401680968.11765015,"standard_error":124440432.12621105}}