{"mean":{"confidence_interval":{"confidence_level":0.95,"lower_bound":2220838952.74,"upper_bound":2236778746.83},"point_estimate":2228730234.63,"standard_error":4143067.630340019},"median":{"confidence_interval":{"confidence_level":0.95,"lower_bound":2205028317.5,"upper_bound":2224302055.0},"point_estimate":2216196977.5,"standard_error":5541417.723805951},"median_abs_dev":{"confidence_interval":{"confidence_level":0.95,"lower_bound":25353701.968681812,"upper_bound":48015768.8893497},"point_estimate":38555915.96019566,"standard_error":6135285.942852789},"slope":null,"std_dev":{"confidence_interval":{"confidence_level":0.95,"lower_bound":35246114.14448259,"upper_bound":48141128.71482701},"point_estimate":42044392.091200426,"standard_error":3336055.401135693}}