{"mean":{"confidence_interval":{"confidence_level":0.95,"lower_bound":48992394358.39325,"upper_bound":49460945785.089},"point_estimate":49224589781.29,"standard_error":119110400.87389933},"median":{"confidence_interval":{"confidence_level":0.95,"lower_bound":48883702466.0,"upper_bound":49305886337.5},"point_estimate":49010328862.5,"standard_error":115109124.87563446},"median_abs_dev":{"confidence_interval":{"confidence_level":0.95,"lower_bound":827268489.9742484,"upper_bound":1535135490.100497},"point_estimate":1210457437.7546847,"standard_error":183232322.97945452},"slope":null,"std_dev":{"confidence_interval":{"confidence_level":0.95,"lower_bound":993521529.81281,"upper_bound":1405235799.1311111},"point_estimate":1200517728.4763129,"standard_error":106005237.31996034}}