{"mean":{"confidence_interval":{"confidence_level":0.95,"lower_bound":11180838538.19,"upper_bound":11255635818.64},"point_estimate":11216523092.17,"standard_error":19046439.79157937},"median":{"confidence_interval":{"confidence_level":0.95,"lower_bound":11151302280.5,"upper_bound":11224589936.0},"point_estimate":11187963458.5,"standard_error":16721262.937815143},"median_abs_dev":{"confidence_interval":{"confidence_level":0.95,"lower_bound":103605982.40602612,"upper_bound":168093965.54983556},"point_estimate":142215177.8201759,"standard_error":16666392.924348257},"slope":null,"std_dev":{"confidence_interval":{"confidence_level":0.95,"lower_bound":130327893.36999786,"upper_bound":256517214.10840946},"point_estimate":192005800.42043635,"standard_error":33028921.243784476}}