{"mean":{"confidence_interval":{"confidence_level":0.95,"lower_bound":2239158768.48,"upper_bound":2256541962.84},"point_estimate":2247848755.22,"standard_error":4474993.840210998},"median":{"confidence_interval":{"confidence_level":0.95,"lower_bound":2223342008.0,"upper_bound":2245546771.0},"point_estimate":2228812144.5,"standard_error":5974488.296373831},"median_abs_dev":{"confidence_interval":{"confidence_level":0.95,"lower_bound":23899267.688003182,"upper_bound":50208796.67061567},"point_estimate":35358965.621852875,"standard_error":6578125.162178005},"slope":null,"std_dev":{"confidence_interval":{"confidence_level":0.95,"lower_bound":37022166.27321526,"upper_bound":51935640.947255276},"point_estimate":44745151.481255546,"standard_error":3800742.2915292177}}