{"mean":{"confidence_interval":{"confidence_level":0.95,"lower_bound":1035143508.97,"upper_bound":1044159867.35},"point_estimate":1039718143.03,"standard_error":2275128.845002783},"median":{"confidence_interval":{"confidence_level":0.95,"lower_bound":1033907122.0,"upper_bound":1048923457.0},"point_estimate":1039329541.0,"standard_error":3500412.4676093445},"median_abs_dev":{"confidence_interval":{"confidence_level":0.95,"lower_bound":20002383.38468671,"upper_bound":29005137.398555875},"point_estimate":24552433.778107166,"standard_error":2278196.492880772},"slope":null,"std_dev":{"confidence_interval":{"confidence_level":0.95,"lower_bound":19994362.839125562,"upper_bound":25971310.62956676},"point_estimate":23110766.075482298,"standard_error":1517151.4006072492}}