{"mean":{"confidence_interval":{"confidence_level":0.95,"lower_bound":5145980575.667251,"upper_bound":5190948814.51},"point_estimate":5167138155.24,"standard_error":11393245.842964366},"median":{"confidence_interval":{"confidence_level":0.95,"lower_bound":5117812461.0,"upper_bound":5151659603.0},"point_estimate":5125132804.5,"standard_error":9837390.987011315},"median_abs_dev":{"confidence_interval":{"confidence_level":0.95,"lower_bound":45274902.6266098,"upper_bound":89656037.65028715},"point_estimate":68513955.94423413,"standard_error":12172743.47908144},"slope":null,"std_dev":{"confidence_interval":{"confidence_level":0.95,"lower_bound":87444785.18177077,"upper_bound":138469824.46285695},"point_estimate":114539476.78899328,"standard_error":12922262.312469073}}