{"mean":{"confidence_interval":{"confidence_level":0.95,"lower_bound":400524915902.98,"upper_bound":401183326133.99},"point_estimate":400834122742.85,"standard_error":170325924.955801},"median":{"confidence_interval":{"confidence_level":0.95,"lower_bound":400229556704.0,"upper_bound":400608987019.0},"point_estimate":400412899677.5,"standard_error":90081908.9196966},"median_abs_dev":{"confidence_interval":{"confidence_level":0.95,"lower_bound":678389593.1081772,"upper_bound":1260166659.0207696},"point_estimate":932758624.1786242,"standard_error":144988626.0359451},"slope":null,"std_dev":{"confidence_interval":{"confidence_level":0.95,"lower_bound":1307127212.0044723,"upper_bound":2071666179.451531},"point_estimate":1714323988.680056,"standard_error":193118212.7157609}}