{"mean":{"confidence_interval":{"confidence_level":0.95,"lower_bound":29555893383.431,"upper_bound":29680802228.51},"point_estimate":29614007291.36,"standard_error":31717555.209481377},"median":{"confidence_interval":{"confidence_level":0.95,"lower_bound":29521021969.0,"upper_bound":29617040119.0},"point_estimate":29569947417.5,"standard_error":26158697.00204132},"median_abs_dev":{"confidence_interval":{"confidence_level":0.95,"lower_bound":141850894.51875824,"upper_bound":251280940.63517153},"point_estimate":182404635.0334704,"standard_error":27158942.799709894},"slope":null,"std_dev":{"confidence_interval":{"confidence_level":0.95,"lower_bound":206079606.45588076,"upper_bound":451871158.0106499},"point_estimate":323688326.87057596,"standard_error":69490577.54513666}}