{"mean":{"confidence_interval":{"confidence_level":0.95,"lower_bound":45217299962.91,"upper_bound":45465417039.38125},"point_estimate":45316282786.41,"standard_error":65209513.90882331},"median":{"confidence_interval":{"confidence_level":0.95,"lower_bound":45207188553.5,"upper_bound":45324637146.5},"point_estimate":45256568627.5,"standard_error":34050454.345971406},"median_abs_dev":{"confidence_interval":{"confidence_level":0.95,"lower_bound":231314400.58744848,"upper_bound":362291656.67343736},"point_estimate":305742496.01118565,"standard_error":34126504.81162252},"slope":null,"std_dev":{"confidence_interval":{"confidence_level":0.95,"lower_bound":231763350.62400898,"upper_bound":1072696476.0447985},"point_estimate":655765873.3347998,"standard_error":284246289.99036837}}