{"mean":{"confidence_interval":{"confidence_level":0.95,"lower_bound":50302022818.87,"upper_bound":50365214275.5455},"point_estimate":50333052924.92,"standard_error":16237840.412250448},"median":{"confidence_interval":{"confidence_level":0.95,"lower_bound":50290951335.5,"upper_bound":50373466404.0},"point_estimate":50331719869.5,"standard_error":20672776.692481067},"median_abs_dev":{"confidence_interval":{"confidence_level":0.95,"lower_bound":121743576.74801946,"upper_bound":188667549.48508143},"point_estimate":157074742.87906587,"standard_error":16491686.578849507},"slope":null,"std_dev":{"confidence_interval":{"confidence_level":0.95,"lower_bound":129563150.9076618,"upper_bound":194727187.54721597},"point_estimate":161549430.08378768,"standard_error":16862298.18619745}}