{"mean":{"confidence_interval":{"confidence_level":0.95,"lower_bound":82160590188.6,"upper_bound":82317265833.91},"point_estimate":82237852109.51,"standard_error":40000309.81472723},"median":{"confidence_interval":{"confidence_level":0.95,"lower_bound":82139500856.0,"upper_bound":82365577503.0},"point_estimate":82268728312.5,"standard_error":57297140.17218851},"median_abs_dev":{"confidence_interval":{"confidence_level":0.95,"lower_bound":289119110.67430973,"upper_bound":492106972.3805923},"point_estimate":372943258.3025336,"standard_error":54450629.32916513},"slope":null,"std_dev":{"confidence_interval":{"confidence_level":0.95,"lower_bound":345033853.78630453,"upper_bound":449330991.08188295},"point_estimate":400166387.65899414,"standard_error":26771246.935514707}}