{"mean":{"confidence_interval":{"confidence_level":0.95,"lower_bound":5105159151.51,"upper_bound":5141854371.59875},"point_estimate":5123153919.84,"standard_error":9309471.8056932},"median":{"confidence_interval":{"confidence_level":0.95,"lower_bound":5079070564.5,"upper_bound":5117432289.0},"point_estimate":5097856515.5,"standard_error":10305776.397726059},"median_abs_dev":{"confidence_interval":{"confidence_level":0.95,"lower_bound":63903384.33728814,"upper_bound":111375621.99460739},"point_estimate":90175478.41186523,"standard_error":12397292.320458926},"slope":null,"std_dev":{"confidence_interval":{"confidence_level":0.95,"lower_bound":80182035.84968157,"upper_bound":106525572.89460032},"point_estimate":94224751.74230638,"standard_error":6707152.245093655}}