{"mean":{"confidence_interval":{"confidence_level":0.95,"lower_bound":12460444249.19,"upper_bound":12507598051.88},"point_estimate":12483166581.97,"standard_error":12008974.030578515},"median":{"confidence_interval":{"confidence_level":0.95,"lower_bound":12450665099.0,"upper_bound":12494756908.0},"point_estimate":12468100460.0,"standard_error":11443109.043132536},"median_abs_dev":{"confidence_interval":{"confidence_level":0.95,"lower_bound":77322698.4081477,"upper_bound":129200350.38063526},"point_estimate":109478082.7632755,"standard_error":12849756.060765214},"slope":null,"std_dev":{"confidence_interval":{"confidence_level":0.95,"lower_bound":95215744.6736968,"upper_bound":144753240.18242517},"point_estimate":119807963.48163664,"standard_error":12776019.128888832}}