{"mean":{"confidence_interval":{"confidence_level":0.95,"lower_bound":5356491238.8785,"upper_bound":5387878921.92},"point_estimate":5371997045.2,"standard_error":8052687.185574732},"median":{"confidence_interval":{"confidence_level":0.95,"lower_bound":5349037231.0,"upper_bound":5392537835.5},"point_estimate":5369833666.0,"standard_error":10679233.431657806},"median_abs_dev":{"confidence_interval":{"confidence_level":0.95,"lower_bound":56865280.62863946,"upper_bound":99826720.91292143},"point_estimate":79803788.69259953,"standard_error":10957779.252367647},"slope":null,"std_dev":{"confidence_interval":{"confidence_level":0.95,"lower_bound":69207153.24709255,"upper_bound":93519165.41809689},"point_estimate":81704790.35600193,"standard_error":6223782.539626843}}