{"mean":{"confidence_interval":{"confidence_level":0.95,"lower_bound":206464385036.58,"upper_bound":206885481858.242},"point_estimate":206658399810.0,"standard_error":107297130.87227808},"median":{"confidence_interval":{"confidence_level":0.95,"lower_bound":206390640133.0,"upper_bound":206583788373.0},"point_estimate":206478660841.0,"standard_error":44943388.11139646},"median_abs_dev":{"confidence_interval":{"confidence_level":0.95,"lower_bound":309771674.82285863,"upper_bound":534170637.13090026},"point_estimate":420067258.1337154,"standard_error":56361696.23430461},"slope":null,"std_dev":{"confidence_interval":{"confidence_level":0.95,"lower_bound":669718264.239786,"upper_bound":1450940243.5484583},"point_estimate":1080869501.8637762,"standard_error":202107884.2466689}}