{"mean":{"confidence_interval":{"confidence_level":0.95,"lower_bound":98696350.09,"upper_bound":101056339.59},"point_estimate":99865766.71,"standard_error":603555.3233881793},"median":{"confidence_interval":{"confidence_level":0.95,"lower_bound":97785516.5,"upper_bound":100038601.0},"point_estimate":98833351.0,"standard_error":648012.333635041},"median_abs_dev":{"confidence_interval":{"confidence_level":0.95,"lower_bound":4611796.23452425,"upper_bound":7944864.817750454},"point_estimate":6740640.039029717,"standard_error":885377.8672952264},"slope":null,"std_dev":{"confidence_interval":{"confidence_level":0.95,"lower_bound":5256866.193341749,"upper_bound":6811016.043968998},"point_estimate":6078808.898096223,"standard_error":396182.8004190487}}