{"mean":{"confidence_interval":{"confidence_level":0.95,"lower_bound":97931674183.21,"upper_bound":98333453142.41699},"point_estimate":98100246480.96,"standard_error":104478682.57665515},"median":{"confidence_interval":{"confidence_level":0.95,"lower_bound":97801337997.0,"upper_bound":98183914973.5},"point_estimate":97944045885.5,"standard_error":89496811.15725379},"median_abs_dev":{"confidence_interval":{"confidence_level":0.95,"lower_bound":474169940.5492008,"upper_bound":769623162.3497576},"point_estimate":616988926.4824569,"standard_error":75376260.85507329},"slope":null,"std_dev":{"confidence_interval":{"confidence_level":0.95,"lower_bound":492523323.2801305,"upper_bound":1647775401.004056},"point_estimate":1047765937.0195343,"standard_error":381875558.5617782}}