{"mean":{"confidence_interval":{"confidence_level":0.95,"lower_bound":6576418027.25025,"upper_bound":6597207387.72},"point_estimate":6586651847.08,"standard_error":5335503.547757104},"median":{"confidence_interval":{"confidence_level":0.95,"lower_bound":6564809688.0,"upper_bound":6593200463.0},"point_estimate":6579282229.0,"standard_error":6743374.405964789},"median_abs_dev":{"confidence_interval":{"confidence_level":0.95,"lower_bound":45702316.92522168,"upper_bound":73375658.48902166},"point_estimate":58062524.58538413,"standard_error":7007523.493462988},"slope":null,"std_dev":{"confidence_interval":{"confidence_level":0.95,"lower_bound":46443628.49503939,"upper_bound":61614463.43179407},"point_estimate":54399550.06419652,"standard_error":3864720.6473981943}}