{"mean":{"confidence_interval":{"confidence_level":0.95,"lower_bound":103576161852.98799,"upper_bound":103739668380.36},"point_estimate":103656067138.11,"standard_error":42100357.78228314},"median":{"confidence_interval":{"confidence_level":0.95,"lower_bound":103519384031.0,"upper_bound":103705857937.5},"point_estimate":103620805661.0,"standard_error":49709648.577788584},"median_abs_dev":{"confidence_interval":{"confidence_level":0.95,"lower_bound":287009640.0777904,"upper_bound":460875577.05745476},"point_estimate":376633417.7611202,"standard_error":46258327.56623227},"slope":null,"std_dev":{"confidence_interval":{"confidence_level":0.95,"lower_bound":345675835.2747378,"upper_bound":506788159.617616},"point_estimate":428731562.6489784,"standard_error":41099064.09125521}}