{"mean":{"confidence_interval":{"confidence_level":0.95,"lower_bound":5237474967.708,"upper_bound":5275984171.83},"point_estimate":5257485924.99,"standard_error":9820620.202716088},"median":{"confidence_interval":{"confidence_level":0.95,"lower_bound":5283774233.5,"upper_bound":5302256073.0},"point_estimate":5295507629.5,"standard_error":5314519.147789002},"median_abs_dev":{"confidence_interval":{"confidence_level":0.95,"lower_bound":42762291.52541757,"upper_bound":75849374.32120442},"point_estimate":57959609.90821123,"standard_error":8496482.29072591},"slope":null,"std_dev":{"confidence_interval":{"confidence_level":0.95,"lower_bound":82264290.59125653,"upper_bound":116085812.50569911},"point_estimate":100685332.4876351,"standard_error":8634573.818383561}}