{"mean":{"confidence_interval":{"confidence_level":0.95,"lower_bound":15701011423.93,"upper_bound":15758511155.56},"point_estimate":15729228813.42,"standard_error":14769412.139745727},"median":{"confidence_interval":{"confidence_level":0.95,"lower_bound":15687840549.0,"upper_bound":15743437037.0},"point_estimate":15725626795.0,"standard_error":13703090.648449281},"median_abs_dev":{"confidence_interval":{"confidence_level":0.95,"lower_bound":96924638.95294368,"upper_bound":168748711.3502115},"point_estimate":131655524.8175472,"standard_error":17580030.969788425},"slope":null,"std_dev":{"confidence_interval":{"confidence_level":0.95,"lower_bound":123452101.47912179,"upper_bound":170518147.76570302},"point_estimate":147995550.0987182,"standard_error":12004552.747268587}}