{"mean":{"confidence_interval":{"confidence_level":0.95,"lower_bound":100221585287.1535,"upper_bound":100324379917.711},"point_estimate":100272046129.97,"standard_error":26423926.96187169},"median":{"confidence_interval":{"confidence_level":0.95,"lower_bound":100155925367.0,"upper_bound":100318460685.0},"point_estimate":100212886270.0,"standard_error":50032765.470608935},"median_abs_dev":{"confidence_interval":{"confidence_level":0.95,"lower_bound":202522525.55820644,"upper_bound":311036471.3346988},"point_estimate":246638566.51749015,"standard_error":27175783.11149988},"slope":null,"std_dev":{"confidence_interval":{"confidence_level":0.95,"lower_bound":225522114.05394647,"upper_bound":304007556.50376153},"point_estimate":266256814.03283286,"standard_error":20102958.635642134}}