{"mean":{"confidence_interval":{"confidence_level":0.95,"lower_bound":987678650.21,"upper_bound":997679824.08},"point_estimate":992711751.06,"standard_error":2535347.9149322673},"median":{"confidence_interval":{"confidence_level":0.95,"lower_bound":983937985.0,"upper_bound":1000122628.0},"point_estimate":991646177.5,"standard_error":4359232.582838029},"median_abs_dev":{"confidence_interval":{"confidence_level":0.95,"lower_bound":21952925.268557668,"upper_bound":33665751.20241344},"point_estimate":29760645.14094293,"standard_error":2897894.031370596},"slope":null,"std_dev":{"confidence_interval":{"confidence_level":0.95,"lower_bound":21989342.977705304,"upper_bound":28473273.057301648},"point_estimate":25344547.011920154,"standard_error":1650116.7893158759}}