{"mean":{"confidence_interval":{"confidence_level":0.95,"lower_bound":1390849612.37,"upper_bound":1415608592.95125},"point_estimate":1403042821.18,"standard_error":6285116.1953697195},"median":{"confidence_interval":{"confidence_level":0.95,"lower_bound":1389105688.0,"upper_bound":1423515857.5},"point_estimate":1402662649.5,"standard_error":9144484.986775434},"median_abs_dev":{"confidence_interval":{"confidence_level":0.95,"lower_bound":52774200.93297064,"upper_bound":78651785.53275168},"point_estimate":64678471.2949276,"standard_error":6495060.143875593},"slope":null,"std_dev":{"confidence_interval":{"confidence_level":0.95,"lower_bound":54904283.832959875,"upper_bound":70845521.4495431},"point_estimate":63318611.02517793,"standard_error":4069213.3423230583}}