{"mean":{"confidence_interval":{"confidence_level":0.95,"lower_bound":15657388580.06,"upper_bound":15710602681.0},"point_estimate":15683343352.0,"standard_error":13567935.99876671},"median":{"confidence_interval":{"confidence_level":0.95,"lower_bound":15631605027.0,"upper_bound":15685564561.0},"point_estimate":15668225683.5,"standard_error":13049067.648006657},"median_abs_dev":{"confidence_interval":{"confidence_level":0.95,"lower_bound":94611201.8148154,"upper_bound":157193218.1842625},"point_estimate":125302341.52523875,"standard_error":15640556.386543546},"slope":null,"std_dev":{"confidence_interval":{"confidence_level":0.95,"lower_bound":114980744.68155,"upper_bound":155799521.87829617},"point_estimate":136288914.10521343,"standard_error":10342936.51130797}}