{"mean":{"confidence_interval":{"confidence_level":0.95,"lower_bound":724634707.18,"upper_bound":736804291.85},"point_estimate":730412550.61,"standard_error":3128142.7135399873},"median":{"confidence_interval":{"confidence_level":0.95,"lower_bound":717348634.5,"upper_bound":723160575.0},"point_estimate":719576834.5,"standard_error":1321294.7116143475},"median_abs_dev":{"confidence_interval":{"confidence_level":0.95,"lower_bound":7723009.298989177,"upper_bound":14291006.501483917},"point_estimate":9677877.40958333,"standard_error":1706949.543634225},"slope":null,"std_dev":{"confidence_interval":{"confidence_level":0.95,"lower_bound":20641211.49400943,"upper_bound":40322922.05804081},"point_estimate":31291976.77272931,"standard_error":4998289.404433299}}