{"mean":{"confidence_interval":{"confidence_level":0.95,"lower_bound":87652390123.48,"upper_bound":87803295506.69},"point_estimate":87728690721.44,"standard_error":38922466.27654617},"median":{"confidence_interval":{"confidence_level":0.95,"lower_bound":87653458152.5,"upper_bound":87813802316.0},"point_estimate":87731805788.0,"standard_error":42977058.70213479},"median_abs_dev":{"confidence_interval":{"confidence_level":0.95,"lower_bound":298982216.7116046,"upper_bound":498762942.7103877},"point_estimate":400504040.8763319,"standard_error":50358659.46695072},"slope":null,"std_dev":{"confidence_interval":{"confidence_level":0.95,"lower_bound":342809485.3513014,"upper_bound":434550209.9779915},"point_estimate":391922986.27126914,"standard_error":23365665.652178656}}