{"mean":{"confidence_interval":{"confidence_level":0.95,"lower_bound":6624431892.39475,"upper_bound":6649162172.5195},"point_estimate":6636594476.03,"standard_error":6378035.835786855},"median":{"confidence_interval":{"confidence_level":0.95,"lower_bound":6606383425.5,"upper_bound":6633208506.0},"point_estimate":6615892004.5,"standard_error":8343363.198882772},"median_abs_dev":{"confidence_interval":{"confidence_level":0.95,"lower_bound":38788767.181661725,"upper_bound":69949255.78965247},"point_estimate":56826223.75623286,"standard_error":7394325.397054069},"slope":null,"std_dev":{"confidence_interval":{"confidence_level":0.95,"lower_bound":52638881.8811273,"upper_bound":74698406.94683401},"point_estimate":64186204.126115434,"standard_error":5682234.534555408}}