{"mean":{"confidence_interval":{"confidence_level":0.95,"lower_bound":21002053200.14,"upper_bound":21119308359.28},"point_estimate":21060334405.39,"standard_error":29996521.710052706},"median":{"confidence_interval":{"confidence_level":0.95,"lower_bound":20950360326.0,"upper_bound":21055724650.0},"point_estimate":21010665142.5,"standard_error":27884943.231866572},"median_abs_dev":{"confidence_interval":{"confidence_level":0.95,"lower_bound":220305118.7495023,"upper_bound":373104431.00437224},"point_estimate":291270461.8290156,"standard_error":41068347.01471232},"slope":null,"std_dev":{"confidence_interval":{"confidence_level":0.95,"lower_bound":262700748.64266187,"upper_bound":339662396.59314257},"point_estimate":303780856.5467957,"standard_error":19601108.458780732}}