{"mean":{"confidence_interval":{"confidence_level":0.95,"lower_bound":436799254.70225,"upper_bound":442772094.06},"point_estimate":439798441.68,"standard_error":1515724.4181155865},"median":{"confidence_interval":{"confidence_level":0.95,"lower_bound":435075569.0,"upper_bound":442524737.0},"point_estimate":438708867.5,"standard_error":1985174.0848254499},"median_abs_dev":{"confidence_interval":{"confidence_level":0.95,"lower_bound":11305744.752582908,"upper_bound":19123544.82218921},"point_estimate":14805702.201846242,"standard_error":1997348.0383693012},"slope":null,"std_dev":{"confidence_interval":{"confidence_level":0.95,"lower_bound":13225482.72476134,"upper_bound":17214248.18365907},"point_estimate":15344863.887707606,"standard_error":1018887.5583263979}}