{"mean":{"confidence_interval":{"confidence_level":0.95,"lower_bound":81222593099.49,"upper_bound":81545171599.38},"point_estimate":81384518805.65,"standard_error":83242675.62368198},"median":{"confidence_interval":{"confidence_level":0.95,"lower_bound":81191885600.0,"upper_bound":81528452613.0},"point_estimate":81295044982.5,"standard_error":83769666.98589483},"median_abs_dev":{"confidence_interval":{"confidence_level":0.95,"lower_bound":467535262.67158985,"upper_bound":808442540.0317758},"point_estimate":592296925.9319276,"standard_error":87980952.45932798},"slope":null,"std_dev":{"confidence_interval":{"confidence_level":0.95,"lower_bound":671605873.753635,"upper_bound":1008168295.0723},"point_estimate":845379036.1478411,"standard_error":84818023.04024152}}