{"mean":{"confidence_interval":{"confidence_level":0.95,"lower_bound":15711292538.11,"upper_bound":15772067994.88},"point_estimate":15740800871.2,"standard_error":15353148.181388795},"median":{"confidence_interval":{"confidence_level":0.95,"lower_bound":15706538720.0,"upper_bound":15773204960.0},"point_estimate":15747281225.0,"standard_error":15800342.59090108},"median_abs_dev":{"confidence_interval":{"confidence_level":0.95,"lower_bound":101989079.90911938,"upper_bound":165347727.308481},"point_estimate":136904489.14715946,"standard_error":15474737.645809494},"slope":null,"std_dev":{"confidence_interval":{"confidence_level":0.95,"lower_bound":117260770.21602002,"upper_bound":190601125.13958797},"point_estimate":153436653.41635406,"standard_error":18954386.33942738}}