{"mean":{"confidence_interval":{"confidence_level":0.95,"lower_bound":18495451671.27,"upper_bound":18786464235.03},"point_estimate":18640675409.16,"standard_error":74728894.70916581},"median":{"confidence_interval":{"confidence_level":0.95,"lower_bound":18363935014.0,"upper_bound":18843376545.5},"point_estimate":18592863047.5,"standard_error":124942797.22946973},"median_abs_dev":{"confidence_interval":{"confidence_level":0.95,"lower_bound":655291976.8628418,"upper_bound":1000694244.5599258},"point_estimate":803665124.7780919,"standard_error":87628246.33368991},"slope":null,"std_dev":{"confidence_interval":{"confidence_level":0.95,"lower_bound":644750978.2059838,"upper_bound":891016868.2001761},"point_estimate":762291712.044267,"standard_error":64344029.65941502}}