{"mean":{"confidence_interval":{"confidence_level":0.95,"lower_bound":211821219604.37,"upper_bound":221270438674.41},"point_estimate":216242270083.09,"standard_error":2421103749.725689},"median":{"confidence_interval":{"confidence_level":0.95,"lower_bound":208025527147.0,"upper_bound":208845357749.0},"point_estimate":208386153425.5,"standard_error":204470234.30784816},"median_abs_dev":{"confidence_interval":{"confidence_level":0.95,"lower_bound":1413532631.3637793,"upper_bound":2318068872.367251},"point_estimate":1837838565.7270432,"standard_error":227880247.8159853},"slope":null,"std_dev":{"confidence_interval":{"confidence_level":0.95,"lower_bound":16880909310.939825,"upper_bound":30369831275.578796},"point_estimate":24544942001.5568,"standard_error":3459946004.554854}}