{"mean":{"confidence_interval":{"confidence_level":0.95,"lower_bound":5320627339.362249,"upper_bound":5353309191.74},"point_estimate":5336589920.48,"standard_error":8419816.937660871},"median":{"confidence_interval":{"confidence_level":0.95,"lower_bound":5303986962.0,"upper_bound":5328078782.5},"point_estimate":5316047113.5,"standard_error":6677130.39291457},"median_abs_dev":{"confidence_interval":{"confidence_level":0.95,"lower_bound":46904867.10727215,"upper_bound":97651176.69184506},"point_estimate":77128621.62379324,"standard_error":12367977.77988585},"slope":null,"std_dev":{"confidence_interval":{"confidence_level":0.95,"lower_bound":71619269.67865907,"upper_bound":96758652.41890417},"point_estimate":85246355.28587545,"standard_error":6419899.607218944}}