{"mean":{"confidence_interval":{"confidence_level":0.95,"lower_bound":15649893937.46,"upper_bound":15709402418.98},"point_estimate":15678844942.58,"standard_error":15174775.344568614},"median":{"confidence_interval":{"confidence_level":0.95,"lower_bound":15623893998.5,"upper_bound":15709003028.0},"point_estimate":15646158542.5,"standard_error":23424869.375767674},"median_abs_dev":{"confidence_interval":{"confidence_level":0.95,"lower_bound":107530090.21005929,"upper_bound":168785726.68245435},"point_estimate":129595624.13571775,"standard_error":15227396.544221442},"slope":null,"std_dev":{"confidence_interval":{"confidence_level":0.95,"lower_bound":125536969.05710377,"upper_bound":177959426.49316812},"point_estimate":152520255.9301871,"standard_error":13435992.250347978}}