{"mean":{"confidence_interval":{"confidence_level":0.95,"lower_bound":47422964534.69,"upper_bound":47622654736.52125},"point_estimate":47508936101.84,"standard_error":51446926.62359872},"median":{"confidence_interval":{"confidence_level":0.95,"lower_bound":47405313900.0,"upper_bound":47585955448.0},"point_estimate":47496202814.5,"standard_error":53150837.00892765},"median_abs_dev":{"confidence_interval":{"confidence_level":0.95,"lower_bound":219442768.92261207,"upper_bound":369437074.6746808},"point_estimate":289079494.86171305,"standard_error":38926994.52983363},"slope":null,"std_dev":{"confidence_interval":{"confidence_level":0.95,"lower_bound":252634926.26016444,"upper_bound":805577324.4792957},"point_estimate":517235251.64194596,"standard_error":180270276.98687252}}