{"mean":{"confidence_interval":{"confidence_level":0.95,"lower_bound":44489704535.92,"upper_bound":44838232365.89625},"point_estimate":44660769830.17,"standard_error":89147346.2633319},"median":{"confidence_interval":{"confidence_level":0.95,"lower_bound":44429430698.0,"upper_bound":44808245751.0},"point_estimate":44636998815.5,"standard_error":103759461.04068479},"median_abs_dev":{"confidence_interval":{"confidence_level":0.95,"lower_bound":568303424.1895974,"upper_bound":1074243505.1276655},"point_estimate":884432003.0005932,"standard_error":132749280.04488693},"slope":null,"std_dev":{"confidence_interval":{"confidence_level":0.95,"lower_bound":745893780.3464997,"upper_bound":1050559229.2246433},"point_estimate":899693470.8734615,"standard_error":78181223.3492436}}