{"mean":{"confidence_interval":{"confidence_level":0.95,"lower_bound":191761193.08725,"upper_bound":197505684.53},"point_estimate":194557130.78,"standard_error":1476861.115876371},"median":{"confidence_interval":{"confidence_level":0.95,"lower_bound":189338014.0,"upper_bound":196306237.0},"point_estimate":193366010.0,"standard_error":1787387.5034095496},"median_abs_dev":{"confidence_interval":{"confidence_level":0.95,"lower_bound":11031523.802751303,"upper_bound":19384879.013049603},"point_estimate":16621203.691014647,"standard_error":2139144.5605696375},"slope":null,"std_dev":{"confidence_interval":{"confidence_level":0.95,"lower_bound":12933720.886209382,"upper_bound":16656461.31889142},"point_estimate":14899882.11941064,"standard_error":941454.2659947955}}