{"mean":{"confidence_interval":{"confidence_level":0.95,"lower_bound":12739922287.8,"upper_bound":12784765593.77},"point_estimate":12762476024.11,"standard_error":11326307.873892603},"median":{"confidence_interval":{"confidence_level":0.95,"lower_bound":12735384647.5,"upper_bound":12787192136.0},"point_estimate":12770933736.0,"standard_error":12330323.604416838},"median_abs_dev":{"confidence_interval":{"confidence_level":0.95,"lower_bound":83306332.53751695,"upper_bound":141062955.9768319},"point_estimate":103690649.24272299,"standard_error":15441855.067330388},"slope":null,"std_dev":{"confidence_interval":{"confidence_level":0.95,"lower_bound":95114619.03631067,"upper_bound":128333545.29230621},"point_estimate":112125987.59564683,"standard_error":8499847.210093843}}