{"mean":{"confidence_interval":{"confidence_level":0.95,"lower_bound":5482961295.94,"upper_bound":5519857157.64},"point_estimate":5500937189.28,"standard_error":9495455.4835738},"median":{"confidence_interval":{"confidence_level":0.95,"lower_bound":5456661742.0,"upper_bound":5485108188.0},"point_estimate":5476996703.0,"standard_error":8370035.055875744},"median_abs_dev":{"confidence_interval":{"confidence_level":0.95,"lower_bound":46629405.96256256,"upper_bound":93339750.02288818},"point_estimate":67202155.19402325,"standard_error":11878992.581092075},"slope":null,"std_dev":{"confidence_interval":{"confidence_level":0.95,"lower_bound":76117377.4074443,"upper_bound":114173436.59319282},"point_estimate":96258270.67600101,"standard_error":9866313.831824882}}