{"mean":{"confidence_interval":{"confidence_level":0.95,"lower_bound":96475535069.94,"upper_bound":97524078155.7775},"point_estimate":97011079872.89,"standard_error":267574617.13317737},"median":{"confidence_interval":{"confidence_level":0.95,"lower_bound":97137558980.5,"upper_bound":98103659406.0},"point_estimate":97644382984.0,"standard_error":278940835.2912505},"median_abs_dev":{"confidence_interval":{"confidence_level":0.95,"lower_bound":1583232589.9766028,"upper_bound":2948092930.4958878},"point_estimate":2322731021.4033813,"standard_error":361352325.67908216},"slope":null,"std_dev":{"confidence_interval":{"confidence_level":0.95,"lower_bound":2249573802.0605097,"upper_bound":3064219096.5849247},"point_estimate":2684382778.250065,"standard_error":208343358.91971126}}