{"mean":{"confidence_interval":{"confidence_level":0.95,"lower_bound":149388469549.04,"upper_bound":150632138297.95},"point_estimate":150022674583.19,"standard_error":318089932.31224304},"median":{"confidence_interval":{"confidence_level":0.95,"lower_bound":149657808523.0,"upper_bound":151052319104.0},"point_estimate":150286749581.5,"standard_error":413778251.3264278},"median_abs_dev":{"confidence_interval":{"confidence_level":0.95,"lower_bound":2196170092.3096685,"upper_bound":3849864682.229939},"point_estimate":2956029550.575185,"standard_error":424681314.3993862},"slope":null,"std_dev":{"confidence_interval":{"confidence_level":0.95,"lower_bound":2663514091.1819315,"upper_bound":3738207478.3039765},"point_estimate":3216030239.823489,"standard_error":276151492.81703407}}