{"mean":{"confidence_interval":{"confidence_level":0.95,"lower_bound":1292402955.29,"upper_bound":1305747883.31},"point_estimate":1298836846.24,"standard_error":3393114.765399841},"median":{"confidence_interval":{"confidence_level":0.95,"lower_bound":1279336467.0,"upper_bound":1290603320.0},"point_estimate":1285173918.0,"standard_error":2858191.937325448},"median_abs_dev":{"confidence_interval":{"confidence_level":0.95,"lower_bound":12129302.944201842,"upper_bound":25439018.42508963},"point_estimate":18058612.53489554,"standard_error":3383327.924988182},"slope":null,"std_dev":{"confidence_interval":{"confidence_level":0.95,"lower_bound":27819329.86305291,"upper_bound":39814030.227450594},"point_estimate":34323666.843874864,"standard_error":3038977.6936059687}}