{"mean":{"confidence_interval":{"confidence_level":0.95,"lower_bound":15229141826.26,"upper_bound":15278374123.24},"point_estimate":15253790292.31,"standard_error":12484811.043309007},"median":{"confidence_interval":{"confidence_level":0.95,"lower_bound":15218434048.5,"upper_bound":15286308870.0},"point_estimate":15244652429.0,"standard_error":16162237.643483028},"median_abs_dev":{"confidence_interval":{"confidence_level":0.95,"lower_bound":99671715.82697332,"upper_bound":166823804.36118543},"point_estimate":132808710.35087407,"standard_error":17830703.643543877},"slope":null,"std_dev":{"confidence_interval":{"confidence_level":0.95,"lower_bound":109492784.67930733,"upper_bound":138669618.06491864},"point_estimate":125104229.95974097,"standard_error":7423211.609428072}}