{"mean":{"confidence_interval":{"confidence_level":0.95,"lower_bound":13522861920.48,"upper_bound":13545690531.4},"point_estimate":13534179000.42,"standard_error":5837673.276110265},"median":{"confidence_interval":{"confidence_level":0.95,"lower_bound":13521788966.5,"upper_bound":13548650004.5},"point_estimate":13534876663.0,"standard_error":7036657.296338833},"median_abs_dev":{"confidence_interval":{"confidence_level":0.95,"lower_bound":37317540.97368121,"upper_bound":61645663.3061707},"point_estimate":50104520.96666694,"standard_error":6462882.768506249},"slope":null,"std_dev":{"confidence_interval":{"confidence_level":0.95,"lower_bound":48178535.741862535,"upper_bound":66494485.56288575},"point_estimate":57802180.73893436,"standard_error":4672448.2292316435}}