{"mean":{"confidence_interval":{"confidence_level":0.95,"lower_bound":5359989475.18475,"upper_bound":5398029484.99},"point_estimate":5378906379.34,"standard_error":9676872.776040183},"median":{"confidence_interval":{"confidence_level":0.95,"lower_bound":5339137940.0,"upper_bound":5392005034.0},"point_estimate":5365354285.5,"standard_error":10926577.277725507},"median_abs_dev":{"confidence_interval":{"confidence_level":0.95,"lower_bound":73258972.68199325,"upper_bound":115163455.58423996},"point_estimate":94296404.32760417,"standard_error":10059732.678205742},"slope":null,"std_dev":{"confidence_interval":{"confidence_level":0.95,"lower_bound":81395945.38350797,"upper_bound":110919988.29688993},"point_estimate":97186719.7506882,"standard_error":7535415.41354485}}