{"mean":{"confidence_interval":{"confidence_level":0.95,"lower_bound":2712745887.52,"upper_bound":2724280312.29},"point_estimate":2718437508.18,"standard_error":2951105.734469041},"median":{"confidence_interval":{"confidence_level":0.95,"lower_bound":2709405860.0,"upper_bound":2727759156.5},"point_estimate":2716805417.0,"standard_error":4732960.151502906},"median_abs_dev":{"confidence_interval":{"confidence_level":0.95,"lower_bound":23892326.15492642,"upper_bound":39384177.107191086},"point_estimate":29145102.249071002,"standard_error":4038819.8305957913},"slope":null,"std_dev":{"confidence_interval":{"confidence_level":0.95,"lower_bound":25649780.532073427,"upper_bound":33131044.279542644},"point_estimate":29554039.3531933,"standard_error":1901653.649878657}}