{"mean":{"confidence_interval":{"confidence_level":0.95,"lower_bound":5526333987.35,"upper_bound":5557993751.538751},"point_estimate":5542052317.24,"standard_error":8165741.336485745},"median":{"confidence_interval":{"confidence_level":0.95,"lower_bound":5519198440.5,"upper_bound":5551236348.0},"point_estimate":5531764816.0,"standard_error":7490696.623596512},"median_abs_dev":{"confidence_interval":{"confidence_level":0.95,"lower_bound":56775998.08757459,"upper_bound":95774689.19405937},"point_estimate":73556149.4685173,"standard_error":9364723.89718532},"slope":null,"std_dev":{"confidence_interval":{"confidence_level":0.95,"lower_bound":66492101.94621774,"upper_bound":96290643.00183181},"point_estimate":81687754.38831128,"standard_error":7647065.504680389}}