{"mean":{"confidence_interval":{"confidence_level":0.95,"lower_bound":400179577.49,"upper_bound":409859929.16},"point_estimate":405092088.99,"standard_error":2473514.4225684},"median":{"confidence_interval":{"confidence_level":0.95,"lower_bound":395997448.5,"upper_bound":405487285.5},"point_estimate":401808416.0,"standard_error":2077041.7710794609},"median_abs_dev":{"confidence_interval":{"confidence_level":0.95,"lower_bound":11996074.434927106,"upper_bound":23856609.580260515},"point_estimate":17189619.177523255,"standard_error":3187474.3279229663},"slope":null,"std_dev":{"confidence_interval":{"confidence_level":0.95,"lower_bound":21769374.12060541,"upper_bound":27773559.222314928},"point_estimate":25006429.86354686,"standard_error":1532337.4441799712}}