{"mean":{"confidence_interval":{"confidence_level":0.95,"lower_bound":25169088509.44,"upper_bound":25210105625.496},"point_estimate":25189075409.34,"standard_error":10518767.640064895},"median":{"confidence_interval":{"confidence_level":0.95,"lower_bound":25140127795.0,"upper_bound":25189548274.5},"point_estimate":25164641220.0,"standard_error":13856493.524728373},"median_abs_dev":{"confidence_interval":{"confidence_level":0.95,"lower_bound":67117205.9220314,"upper_bound":116461066.37010276},"point_estimate":96766186.82205677,"standard_error":13228645.91610322},"slope":null,"std_dev":{"confidence_interval":{"confidence_level":0.95,"lower_bound":86468272.99514356,"upper_bound":121641668.9059214},"point_estimate":105291741.03668341,"standard_error":8937287.147248752}}