{"mean":{"confidence_interval":{"confidence_level":0.95,"lower_bound":12753770409.39,"upper_bound":12783233476.83},"point_estimate":12768138375.06,"standard_error":7482813.267072782},"median":{"confidence_interval":{"confidence_level":0.95,"lower_bound":12734628338.5,"upper_bound":12769379009.5},"point_estimate":12752397623.0,"standard_error":9628090.187898152},"median_abs_dev":{"confidence_interval":{"confidence_level":0.95,"lower_bound":46418942.00069904,"upper_bound":80751230.12107909},"point_estimate":62115371.73423171,"standard_error":8583191.891775576},"slope":null,"std_dev":{"confidence_interval":{"confidence_level":0.95,"lower_bound":60336156.37414163,"upper_bound":86664781.27434646},"point_estimate":74483211.95082626,"standard_error":6714883.130162992}}