{"mean":{"confidence_interval":{"confidence_level":0.95,"lower_bound":743201302.19,"upper_bound":758902248.08},"point_estimate":750738587.81,"standard_error":4039738.4729267554},"median":{"confidence_interval":{"confidence_level":0.95,"lower_bound":728739106.0,"upper_bound":741507088.5},"point_estimate":733383663.5,"standard_error":3214781.93917736},"median_abs_dev":{"confidence_interval":{"confidence_level":0.95,"lower_bound":14532308.54279995,"upper_bound":33476685.605970025},"point_estimate":21699150.113663077,"standard_error":4892277.26744707},"slope":null,"std_dev":{"confidence_interval":{"confidence_level":0.95,"lower_bound":29504724.927986067,"upper_bound":51399785.41475514},"point_estimate":40862546.69967735,"standard_error":5685528.901588153}}