{"mean":{"confidence_interval":{"confidence_level":0.95,"lower_bound":2749691883.35,"upper_bound":2777434946.58},"point_estimate":2763898129.21,"standard_error":6970476.929063884},"median":{"confidence_interval":{"confidence_level":0.95,"lower_bound":2769096259.0,"upper_bound":2788514820.0},"point_estimate":2778424475.5,"standard_error":4363436.2162747905},"median_abs_dev":{"confidence_interval":{"confidence_level":0.95,"lower_bound":37611795.55565715,"upper_bound":71081608.56944919},"point_estimate":57312961.32759154,"standard_error":8305453.543517521},"slope":null,"std_dev":{"confidence_interval":{"confidence_level":0.95,"lower_bound":58585018.33998094,"upper_bound":79522898.64142197},"point_estimate":69649121.08754556,"standard_error":5304818.972893907}}