{"mean":{"confidence_interval":{"confidence_level":0.95,"lower_bound":10596689377.35025,"upper_bound":10827366032.15},"point_estimate":10713242829.82,"standard_error":58683588.454529054},"median":{"confidence_interval":{"confidence_level":0.95,"lower_bound":10765709426.0,"upper_bound":10887744835.0},"point_estimate":10836698515.0,"standard_error":33452954.20683328},"median_abs_dev":{"confidence_interval":{"confidence_level":0.95,"lower_bound":288154766.86483026,"upper_bound":788613749.8302072},"point_estimate":597121997.1378654,"standard_error":138775593.19646266},"slope":null,"std_dev":{"confidence_interval":{"confidence_level":0.95,"lower_bound":502964275.262145,"upper_bound":665455654.0821942},"point_estimate":588739975.2619896,"standard_error":41732176.79615887}}