{"mean":{"confidence_interval":{"confidence_level":0.95,"lower_bound":5615882302.25,"upper_bound":5661047992.23},"point_estimate":5638138431.2,"standard_error":11511245.023400115},"median":{"confidence_interval":{"confidence_level":0.95,"lower_bound":5592289174.0,"upper_bound":5631181722.0},"point_estimate":5616202195.0,"standard_error":10526423.285354959},"median_abs_dev":{"confidence_interval":{"confidence_level":0.95,"lower_bound":69898996.39184475,"upper_bound":124163943.44404936},"point_estimate":97702261.15653813,"standard_error":14178832.914602162},"slope":null,"std_dev":{"confidence_interval":{"confidence_level":0.95,"lower_bound":95122743.85626751,"upper_bound":131254968.2377638},"point_estimate":114531299.60680605,"standard_error":9240546.9188513}}