{"mean":{"confidence_interval":{"confidence_level":0.95,"lower_bound":-0.01529604370283633,"upper_bound":0.002985286775366236},"point_estimate":-0.005338900351482767,"standard_error":0.004675169612645276},"median":{"confidence_interval":{"confidence_level":0.95,"lower_bound":-0.003154576858138011,"upper_bound":0.00026022014909023964},"point_estimate":-0.00114874755855765,"standard_error":0.0007872545462328972}}