{"mean":{"confidence_interval":{"confidence_level":0.95,"lower_bound":109364097.72675,"upper_bound":112110770.3},"point_estimate":110695722.04,"standard_error":700909.1464176044},"median":{"confidence_interval":{"confidence_level":0.95,"lower_bound":108443185.0,"upper_bound":111757733.0},"point_estimate":109787844.5,"standard_error":773986.0255965913},"median_abs_dev":{"confidence_interval":{"confidence_level":0.95,"lower_bound":4477537.911307812,"upper_bound":7499707.133303581},"point_estimate":5627397.231593728,"standard_error":780377.8694512753},"slope":null,"std_dev":{"confidence_interval":{"confidence_level":0.95,"lower_bound":5940025.915540651,"upper_bound":8072599.34017414},"point_estimate":7091344.1780905975,"standard_error":551484.2676495373}}