{"mean":{"confidence_interval":{"confidence_level":0.95,"lower_bound":1558045889.16,"upper_bound":1567859865.49},"point_estimate":1562872330.26,"standard_error":2513897.014545755},"median":{"confidence_interval":{"confidence_level":0.95,"lower_bound":1553154894.0,"upper_bound":1567790578.0},"point_estimate":1558817352.5,"standard_error":3951259.7407799815},"median_abs_dev":{"confidence_interval":{"confidence_level":0.95,"lower_bound":18964043.751820922,"upper_bound":30088452.44292319},"point_estimate":25130028.04105282,"standard_error":2780446.3247535764},"slope":null,"std_dev":{"confidence_interval":{"confidence_level":0.95,"lower_bound":21324057.603431392,"upper_bound":28102377.04316671},"point_estimate":24898426.178234786,"standard_error":1739596.8916208965}}