{"mean":{"confidence_interval":{"confidence_level":0.95,"lower_bound":25316684709.6,"upper_bound":25357128648.9},"point_estimate":25336764600.38,"standard_error":10384058.424337784},"median":{"confidence_interval":{"confidence_level":0.95,"lower_bound":25303318858.0,"upper_bound":25372683011.0},"point_estimate":25325591007.5,"standard_error":16640681.550087374},"median_abs_dev":{"confidence_interval":{"confidence_level":0.95,"lower_bound":91135889.43958955,"upper_bound":130487220.47098875},"point_estimate":110300369.77367699,"standard_error":9866353.364564078},"slope":null,"std_dev":{"confidence_interval":{"confidence_level":0.95,"lower_bound":90676388.00461741,"upper_bound":117719861.83470188},"point_estimate":104818943.10709912,"standard_error":6942141.913019078}}