{"mean":{"confidence_interval":{"confidence_level":0.95,"lower_bound":5167585741.69,"upper_bound":5213851487.76},"point_estimate":5191222229.39,"standard_error":11835043.182345407},"median":{"confidence_interval":{"confidence_level":0.95,"lower_bound":5223317154.0,"upper_bound":5241186006.0},"point_estimate":5235865226.0,"standard_error":4655611.187306575},"median_abs_dev":{"confidence_interval":{"confidence_level":0.95,"lower_bound":29266469.365516305,"upper_bound":66929087.70697117},"point_estimate":40363601.18230283,"standard_error":9117190.98964211},"slope":null,"std_dev":{"confidence_interval":{"confidence_level":0.95,"lower_bound":96008367.24665509,"upper_bound":135997761.27959815},"point_estimate":118305206.00652681,"standard_error":10144989.249868367}}