{"mean":{"confidence_interval":{"confidence_level":0.95,"lower_bound":7179896670.591001,"upper_bound":7243940984.77},"point_estimate":7206380769.89,"standard_error":16700128.328057306},"median":{"confidence_interval":{"confidence_level":0.95,"lower_bound":7168158765.0,"upper_bound":7192016589.0},"point_estimate":7185032964.0,"standard_error":4979452.212963832},"median_abs_dev":{"confidence_interval":{"confidence_level":0.95,"lower_bound":34230227.013077,"upper_bound":52931192.70288348},"point_estimate":43158982.64607489,"standard_error":4713910.45726919},"slope":null,"std_dev":{"confidence_interval":{"confidence_level":0.95,"lower_bound":37863790.05751126,"upper_bound":269001445.09013194},"point_estimate":168910839.9951571,"standard_error":63877733.17997439}}