{"mean":{"confidence_interval":{"confidence_level":0.95,"lower_bound":2693135654.96,"upper_bound":2720276977.48},"point_estimate":2707025117.59,"standard_error":6996122.760124633},"median":{"confidence_interval":{"confidence_level":0.95,"lower_bound":2711546918.0,"upper_bound":2741310956.0},"point_estimate":2723262177.5,"standard_error":8475780.976372154},"median_abs_dev":{"confidence_interval":{"confidence_level":0.95,"lower_bound":42611601.54669285,"upper_bound":84353621.14382386},"point_estimate":64150093.42070818,"standard_error":10689318.063213574},"slope":null,"std_dev":{"confidence_interval":{"confidence_level":0.95,"lower_bound":60813240.91698991,"upper_bound":77800454.95337212},"point_estimate":69995990.45464028,"standard_error":4360141.84903996}}