{"mean":{"confidence_interval":{"confidence_level":0.95,"lower_bound":12839666335.06,"upper_bound":12881777811.78},"point_estimate":12859901029.88,"standard_error":10743930.691817356},"median":{"confidence_interval":{"confidence_level":0.95,"lower_bound":12811710912.5,"upper_bound":12860160374.0},"point_estimate":12833080350.0,"standard_error":12286910.81897782},"median_abs_dev":{"confidence_interval":{"confidence_level":0.95,"lower_bound":64549417.00881381,"upper_bound":109931429.218027},"point_estimate":90775869.87330616,"standard_error":11679434.163705593},"slope":null,"std_dev":{"confidence_interval":{"confidence_level":0.95,"lower_bound":84794519.7940424,"upper_bound":128695636.32273807},"point_estimate":107539281.9403712,"standard_error":11273725.036333447}}