{"mean":{"confidence_interval":{"confidence_level":0.95,"lower_bound":367737495.19,"upper_bound":376514943.27},"point_estimate":372078971.98,"standard_error":2227635.405158393},"median":{"confidence_interval":{"confidence_level":0.95,"lower_bound":360691034.5,"upper_bound":377386094.5},"point_estimate":369999524.5,"standard_error":5112853.661090841},"median_abs_dev":{"confidence_interval":{"confidence_level":0.95,"lower_bound":19422995.175772905,"upper_bound":29038452.902564406},"point_estimate":25178328.18299532,"standard_error":2504650.267792813},"slope":null,"std_dev":{"confidence_interval":{"confidence_level":0.95,"lower_bound":19125913.675736506,"upper_bound":26011304.46166907},"point_estimate":22762342.02732294,"standard_error":1776769.8907276886}}