{"mean":{"confidence_interval":{"confidence_level":0.95,"lower_bound":12799599842.07,"upper_bound":12845358733.49},"point_estimate":12821845670.1,"standard_error":11649685.322428567},"median":{"confidence_interval":{"confidence_level":0.95,"lower_bound":12793675327.0,"upper_bound":12836610561.5},"point_estimate":12811883028.5,"standard_error":10766821.854092047},"median_abs_dev":{"confidence_interval":{"confidence_level":0.95,"lower_bound":75016485.97969115,"upper_bound":137774790.15770853},"point_estimate":118244718.6466366,"standard_error":15797830.829144802},"slope":null,"std_dev":{"confidence_interval":{"confidence_level":0.95,"lower_bound":94882892.8857569,"upper_bound":140134130.4835442},"point_estimate":117704665.34981099,"standard_error":11555346.368762145}}