{"mean":{"confidence_interval":{"confidence_level":0.95,"lower_bound":50067075704.21,"upper_bound":50121984079.78},"point_estimate":50093756113.95,"standard_error":13961408.713220509},"median":{"confidence_interval":{"confidence_level":0.95,"lower_bound":50055622562.0,"upper_bound":50117856517.5},"point_estimate":50079374900.0,"standard_error":13621540.956531098},"median_abs_dev":{"confidence_interval":{"confidence_level":0.95,"lower_bound":79562533.35318267,"upper_bound":137497509.86283123},"point_estimate":105215103.01365852,"standard_error":14936220.503807053},"slope":null,"std_dev":{"confidence_interval":{"confidence_level":0.95,"lower_bound":113780807.71858121,"upper_bound":161915315.65432265},"point_estimate":139134362.0769688,"standard_error":12305577.346706944}}