{"mean":{"confidence_interval":{"confidence_level":0.95,"lower_bound":14352097039.74,"upper_bound":14400063744.33},"point_estimate":14375748758.64,"standard_error":12132067.97946976},"median":{"confidence_interval":{"confidence_level":0.95,"lower_bound":14333999509.0,"upper_bound":14392875727.0},"point_estimate":14373330235.0,"standard_error":17869651.663882844},"median_abs_dev":{"confidence_interval":{"confidence_level":0.95,"lower_bound":87594348.21158946,"upper_bound":142722298.1759727},"point_estimate":106364378.18955481,"standard_error":14549891.707414405},"slope":null,"std_dev":{"confidence_interval":{"confidence_level":0.95,"lower_bound":104759134.71251024,"upper_bound":139966295.65627956},"point_estimate":123272307.15579827,"standard_error":8957464.648423875}}