{"mean":{"confidence_interval":{"confidence_level":0.95,"lower_bound":23188281623.29,"upper_bound":23262482184.58},"point_estimate":23224711735.43,"standard_error":18949703.33875407},"median":{"confidence_interval":{"confidence_level":0.95,"lower_bound":23163648083.0,"upper_bound":23259347801.0},"point_estimate":23225873232.5,"standard_error":22333617.933998037},"median_abs_dev":{"confidence_interval":{"confidence_level":0.95,"lower_bound":125409031.64324462,"upper_bound":206087354.91061807},"point_estimate":158867174.37134385,"standard_error":21814373.253750775},"slope":null,"std_dev":{"confidence_interval":{"confidence_level":0.95,"lower_bound":160239725.17840758,"upper_bound":222435107.3728245},"point_estimate":192951738.27197182,"standard_error":15872834.529117705}}