{"mean":{"confidence_interval":{"confidence_level":0.95,"lower_bound":43997250450.9,"upper_bound":44246212220.51},"point_estimate":44121415672.45,"standard_error":63132741.60183923},"median":{"confidence_interval":{"confidence_level":0.95,"lower_bound":44104373261.0,"upper_bound":44448360550.0},"point_estimate":44307727147.0,"standard_error":100639517.90554845},"median_abs_dev":{"confidence_interval":{"confidence_level":0.95,"lower_bound":397184114.0592724,"upper_bound":746048078.3782039},"point_estimate":552478508.6358458,"standard_error":95931668.78122465},"slope":null,"std_dev":{"confidence_interval":{"confidence_level":0.95,"lower_bound":545850268.4987667,"upper_bound":711622881.531417},"point_estimate":634438991.4703757,"standard_error":42036360.36564771}}