{"mean":{"confidence_interval":{"confidence_level":0.95,"lower_bound":26166058505.0,"upper_bound":26245987180.96},"point_estimate":26206107305.59,"standard_error":20371432.33700342},"median":{"confidence_interval":{"confidence_level":0.95,"lower_bound":26165640395.0,"upper_bound":26242261444.0},"point_estimate":26211051316.5,"standard_error":21125321.872272443},"median_abs_dev":{"confidence_interval":{"confidence_level":0.95,"lower_bound":139504665.5679971,"upper_bound":240611131.19579852},"point_estimate":176761364.34525847,"standard_error":26638585.92811267},"slope":null,"std_dev":{"confidence_interval":{"confidence_level":0.95,"lower_bound":174987127.0714432,"upper_bound":231092068.11114487},"point_estimate":204582882.95219746,"standard_error":14260419.011004584}}