{"mean":{"confidence_interval":{"confidence_level":0.95,"lower_bound":874639464.99,"upper_bound":883358635.46},"point_estimate":878920013.42,"standard_error":2230822.893506878},"median":{"confidence_interval":{"confidence_level":0.95,"lower_bound":871350309.5,"upper_bound":883794135.5},"point_estimate":878761596.5,"standard_error":3295735.4275702527},"median_abs_dev":{"confidence_interval":{"confidence_level":0.95,"lower_bound":17893028.356835246,"upper_bound":29533481.172975898},"point_estimate":22377249.8288244,"standard_error":3146198.226816856},"slope":null,"std_dev":{"confidence_interval":{"confidence_level":0.95,"lower_bound":19721454.280474734,"upper_bound":25152515.05265339},"point_estimate":22600919.57467825,"standard_error":1379698.434422836}}