{"mean":{"confidence_interval":{"confidence_level":0.95,"lower_bound":12456496238.25,"upper_bound":12498819793.18},"point_estimate":12477675589.79,"standard_error":10861898.455812614},"median":{"confidence_interval":{"confidence_level":0.95,"lower_bound":12448868488.0,"upper_bound":12509627080.5},"point_estimate":12466224491.0,"standard_error":15566252.505530247},"median_abs_dev":{"confidence_interval":{"confidence_level":0.95,"lower_bound":84072733.68321061,"upper_bound":138068584.39239264},"point_estimate":112572717.39483476,"standard_error":13442987.925154492},"slope":null,"std_dev":{"confidence_interval":{"confidence_level":0.95,"lower_bound":92363284.16120596,"upper_bound":123382226.28124827},"point_estimate":108446351.44173814,"standard_error":7769440.761634431}}