{"mean":{"confidence_interval":{"confidence_level":0.95,"lower_bound":409285545539.2,"upper_bound":411089606303.3},"point_estimate":410028746044.2,"standard_error":476236038.95024323},"median":{"confidence_interval":{"confidence_level":0.95,"lower_bound":408925355681.0,"upper_bound":410189126497.5},"point_estimate":409807396974.0,"standard_error":303654941.12311924},"median_abs_dev":{"confidence_interval":{"confidence_level":0.95,"lower_bound":126740818.58240068,"upper_bound":1602621240.7239854},"point_estimate":679415751.6996592,"standard_error":385480312.87835145},"slope":null,"std_dev":{"confidence_interval":{"confidence_level":0.95,"lower_bound":441497832.1120498,"upper_bound":2388005477.6557927},"point_estimate":1597399553.565014,"standard_error":626998069.1022379}}