{"mean":{"confidence_interval":{"confidence_level":0.95,"lower_bound":3496300696.42,"upper_bound":3517286671.91},"point_estimate":3506494112.15,"standard_error":5412171.872397831},"median":{"confidence_interval":{"confidence_level":0.95,"lower_bound":3479486043.0,"upper_bound":3503783744.0},"point_estimate":3494075142.5,"standard_error":6375800.442107701},"median_abs_dev":{"confidence_interval":{"confidence_level":0.95,"lower_bound":34994341.656026244,"upper_bound":62800699.865564704},"point_estimate":50082319.0320611,"standard_error":7185896.350856132},"slope":null,"std_dev":{"confidence_interval":{"confidence_level":0.95,"lower_bound":46745364.23013909,"upper_bound":61002847.57263879},"point_estimate":54522094.76415491,"standard_error":3622002.1997073144}}