{"mean":{"confidence_interval":{"confidence_level":0.95,"lower_bound":15639537037.910002,"upper_bound":15690047409.42},"point_estimate":15664347194.25,"standard_error":12800875.110617356},"median":{"confidence_interval":{"confidence_level":0.95,"lower_bound":15623197700.0,"upper_bound":15681136817.5},"point_estimate":15648963982.0,"standard_error":14066947.403411899},"median_abs_dev":{"confidence_interval":{"confidence_level":0.95,"lower_bound":97179708.4176153,"upper_bound":168273317.15125144},"point_estimate":125503580.75006604,"standard_error":17944062.7933527},"slope":null,"std_dev":{"confidence_interval":{"confidence_level":0.95,"lower_bound":109479326.82049945,"upper_bound":144903084.46551275},"point_estimate":127870770.93987851,"standard_error":9088047.99394635}}