{"mean":{"confidence_interval":{"confidence_level":0.95,"lower_bound":8440442801.71,"upper_bound":8785652310.9},"point_estimate":8609392368.6,"standard_error":88132491.49411352},"median":{"confidence_interval":{"confidence_level":0.95,"lower_bound":8371184260.5,"upper_bound":8822132379.0},"point_estimate":8593211708.0,"standard_error":139535947.07317686},"median_abs_dev":{"confidence_interval":{"confidence_level":0.95,"lower_bound":68335592.49570072,"upper_bound":514553702.1259457},"point_estimate":306986008.9479089,"standard_error":109862439.1006549},"slope":null,"std_dev":{"confidence_interval":{"confidence_level":0.95,"lower_bound":176098159.7743429,"upper_bound":369241870.4916019},"point_estimate":295760114.6000935,"standard_error":50575768.94578176}}