{"mean":{"confidence_interval":{"confidence_level":0.95,"lower_bound":13994871164.56,"upper_bound":14404203696.965748},"point_estimate":14187627956.02,"standard_error":105143320.63285284},"median":{"confidence_interval":{"confidence_level":0.95,"lower_bound":13688309467.0,"upper_bound":13736944551.0},"point_estimate":13717660827.5,"standard_error":13990777.635242349},"median_abs_dev":{"confidence_interval":{"confidence_level":0.95,"lower_bound":80256347.14546502,"upper_bound":180654442.81444252},"point_estimate":133892684.41092968,"standard_error":27139767.59560568},"slope":null,"std_dev":{"confidence_interval":{"confidence_level":0.95,"lower_bound":827996494.1602473,"upper_bound":1256428605.8804438},"point_estimate":1059519259.4675286,"standard_error":109709318.72071715}}