{"mean":{"confidence_interval":{"confidence_level":0.95,"lower_bound":21290081620.77,"upper_bound":21522735376.21},"point_estimate":21381435998.92,"standard_error":60753591.47969989},"median":{"confidence_interval":{"confidence_level":0.95,"lower_bound":21245832897.0,"upper_bound":21325323543.0},"point_estimate":21280258380.0,"standard_error":19276487.84136202},"median_abs_dev":{"confidence_interval":{"confidence_level":0.95,"lower_bound":163668811.23144776,"upper_bound":298705633.23871493},"point_estimate":212922847.24816382,"standard_error":35578421.352460705},"slope":null,"std_dev":{"confidence_interval":{"confidence_level":0.95,"lower_bound":220729974.7828194,"upper_bound":977714361.1501867},"point_estimate":601598036.5275861,"standard_error":255877300.59706345}}