{"mean":{"confidence_interval":{"confidence_level":0.95,"lower_bound":14303988651.95,"upper_bound":14356939543.05725},"point_estimate":14331069798.68,"standard_error":13397061.105485307},"median":{"confidence_interval":{"confidence_level":0.95,"lower_bound":14296711378.5,"upper_bound":14356136333.0},"point_estimate":14324589168.5,"standard_error":14015061.103890503},"median_abs_dev":{"confidence_interval":{"confidence_level":0.95,"lower_bound":90387227.50991845,"upper_bound":170590829.97523952},"point_estimate":118913974.65295494,"standard_error":20927955.675576925},"slope":null,"std_dev":{"confidence_interval":{"confidence_level":0.95,"lower_bound":115140504.80734675,"upper_bound":152318511.23235366},"point_estimate":134275886.02898657,"standard_error":9559119.814288165}}