{"mean":{"confidence_interval":{"confidence_level":0.95,"lower_bound":182873382647.78,"upper_bound":184765854728.472},"point_estimate":183823591457.09,"standard_error":482629354.3316307},"median":{"confidence_interval":{"confidence_level":0.95,"lower_bound":184054654614.5,"upper_bound":186262387002.0},"point_estimate":184755934473.5,"standard_error":577665926.432189},"median_abs_dev":{"confidence_interval":{"confidence_level":0.95,"lower_bound":3238920914.8105593,"upper_bound":5908656944.89097},"point_estimate":4819281792.405045,"standard_error":738244094.660188},"slope":null,"std_dev":{"confidence_interval":{"confidence_level":0.95,"lower_bound":4122987142.1169834,"upper_bound":5379708252.886385},"point_estimate":4814855070.113867,"standard_error":320183191.6959065}}