{"mean":{"confidence_interval":{"confidence_level":0.95,"lower_bound":1285105237.64,"upper_bound":1300163108.08},"point_estimate":1292351823.48,"standard_error":3871339.373812474},"median":{"confidence_interval":{"confidence_level":0.95,"lower_bound":1270824826.5,"upper_bound":1281385777.0},"point_estimate":1274678412.5,"standard_error":2780215.3670073175},"median_abs_dev":{"confidence_interval":{"confidence_level":0.95,"lower_bound":12366670.313447714,"upper_bound":24986438.233602047},"point_estimate":17691328.043416142,"standard_error":3354297.753700372},"slope":null,"std_dev":{"confidence_interval":{"confidence_level":0.95,"lower_bound":32462260.191670373,"upper_bound":43594657.14778727},"point_estimate":38758955.039201945,"standard_error":2844091.1830494544}}