{"mean":{"confidence_interval":{"confidence_level":0.95,"lower_bound":25409994354.53875,"upper_bound":25444053373.16},"point_estimate":25426563355.73,"standard_error":8698522.197055403},"median":{"confidence_interval":{"confidence_level":0.95,"lower_bound":25395732619.0,"upper_bound":25433387386.0},"point_estimate":25414387404.0,"standard_error":9245259.940847643},"median_abs_dev":{"confidence_interval":{"confidence_level":0.95,"lower_bound":66598156.56684637,"upper_bound":105267823.52742255},"point_estimate":85829474.54632223,"standard_error":9368025.911338618},"slope":null,"std_dev":{"confidence_interval":{"confidence_level":0.95,"lower_bound":72965194.7330402,"upper_bound":98567543.04989217},"point_estimate":86514856.79309034,"standard_error":6604428.483916398}}