{"mean":{"confidence_interval":{"confidence_level":0.95,"lower_bound":5489261670.29,"upper_bound":5529705897.28},"point_estimate":5508916695.21,"standard_error":10282299.834183913},"median":{"confidence_interval":{"confidence_level":0.95,"lower_bound":5470084536.5,"upper_bound":5516561643.0},"point_estimate":5495468442.5,"standard_error":13394300.081279691},"median_abs_dev":{"confidence_interval":{"confidence_level":0.95,"lower_bound":61838324.20755029,"upper_bound":97252031.8682313},"point_estimate":81923718.36476326,"standard_error":9083502.692376234},"slope":null,"std_dev":{"confidence_interval":{"confidence_level":0.95,"lower_bound":78085571.86299713,"upper_bound":129781081.07806231},"point_estimate":104371238.0145877,"standard_error":13321489.124729091}}