{"mean":{"confidence_interval":{"confidence_level":0.95,"lower_bound":5088189629.1,"upper_bound":5138576150.54225},"point_estimate":5112982588.89,"standard_error":12895495.769592315},"median":{"confidence_interval":{"confidence_level":0.95,"lower_bound":5048716346.0,"upper_bound":5098071631.0},"point_estimate":5074282540.0,"standard_error":13468066.076923793},"median_abs_dev":{"confidence_interval":{"confidence_level":0.95,"lower_bound":60701635.564130545,"upper_bound":119927043.36926937},"point_estimate":95468428.51749659,"standard_error":15494131.447930064},"slope":null,"std_dev":{"confidence_interval":{"confidence_level":0.95,"lower_bound":98707161.75579473,"upper_bound":158005335.18484926},"point_estimate":129242585.77878527,"standard_error":15207300.253998715}}