{"mean":{"confidence_interval":{"confidence_level":0.95,"lower_bound":198541706745.07,"upper_bound":198648354877.81747},"point_estimate":198594678327.96,"standard_error":27335619.653787255},"median":{"confidence_interval":{"confidence_level":0.95,"lower_bound":198513537414.0,"upper_bound":198679523359.5},"point_estimate":198582135901.0,"standard_error":45570172.75461727},"median_abs_dev":{"confidence_interval":{"confidence_level":0.95,"lower_bound":231619033.36924016,"upper_bound":352841742.3532069},"point_estimate":300593619.0405965,"standard_error":31399962.076519493},"slope":null,"std_dev":{"confidence_interval":{"confidence_level":0.95,"lower_bound":235843721.2668797,"upper_bound":312916834.83977056},"point_estimate":274671827.7558787,"standard_error":19629784.750358377}}