{"mean":{"confidence_interval":{"confidence_level":0.95,"lower_bound":628486063.4,"upper_bound":637364716.62},"point_estimate":632888364.49,"standard_error":2259615.672883385},"median":{"confidence_interval":{"confidence_level":0.95,"lower_bound":625776164.5,"upper_bound":642020940.0},"point_estimate":633348609.0,"standard_error":3722147.95956506},"median_abs_dev":{"confidence_interval":{"confidence_level":0.95,"lower_bound":20748300.187844038,"upper_bound":30979444.618704915},"point_estimate":28095259.123009443,"standard_error":2535516.3842447614},"slope":null,"std_dev":{"confidence_interval":{"confidence_level":0.95,"lower_bound":19937814.34501138,"upper_bound":24875376.547605652},"point_estimate":22518497.60510236,"standard_error":1262215.6028190197}}