{"mean":{"confidence_interval":{"confidence_level":0.95,"lower_bound":26251710959.57,"upper_bound":26292948913.0},"point_estimate":26272112444.57,"standard_error":10505381.403002452},"median":{"confidence_interval":{"confidence_level":0.95,"lower_bound":26235960496.0,"upper_bound":26301101912.5},"point_estimate":26258479182.5,"standard_error":17530328.22107207},"median_abs_dev":{"confidence_interval":{"confidence_level":0.95,"lower_bound":91215393.30720305,"upper_bound":134050347.05733061},"point_estimate":110777492.68420637,"standard_error":11015332.576964451},"slope":null,"std_dev":{"confidence_interval":{"confidence_level":0.95,"lower_bound":90887710.13464321,"upper_bound":118504346.68874101},"point_estimate":105150199.94338405,"standard_error":7093195.504043335}}