{"mean":{"confidence_interval":{"confidence_level":0.95,"lower_bound":100005649965.07,"upper_bound":100087694890.39},"point_estimate":100046619165.39,"standard_error":21087637.112684842},"median":{"confidence_interval":{"confidence_level":0.95,"lower_bound":99969499879.0,"upper_bound":100098646256.0},"point_estimate":100044583491.0,"standard_error":35438589.57602978},"median_abs_dev":{"confidence_interval":{"confidence_level":0.95,"lower_bound":159431294.7657287,"upper_bound":266648816.5776372},"point_estimate":213814906.8959266,"standard_error":28642103.029793654},"slope":null,"std_dev":{"confidence_interval":{"confidence_level":0.95,"lower_bound":183577576.463307,"upper_bound":240675711.98747498},"point_estimate":212629227.506459,"standard_error":14463763.891356627}}