{"mean":{"confidence_interval":{"confidence_level":0.95,"lower_bound":1697878408.68,"upper_bound":1754723105.668},"point_estimate":1727722141.94,"standard_error":14501370.54681868},"median":{"confidence_interval":{"confidence_level":0.95,"lower_bound":1755531384.0,"upper_bound":1781739668.0},"point_estimate":1767996402.0,"standard_error":7387844.433326108},"median_abs_dev":{"confidence_interval":{"confidence_level":0.95,"lower_bound":36844615.82258731,"upper_bound":68844212.5013709},"point_estimate":50427015.37164152,"standard_error":8587175.904689383},"slope":null,"std_dev":{"confidence_interval":{"confidence_level":0.95,"lower_bound":108208636.11017242,"upper_bound":175605893.10393125},"point_estimate":145861952.9684951,"standard_error":17147988.881837495}}