{"mean":{"confidence_interval":{"confidence_level":0.95,"lower_bound":15672460566.28775,"upper_bound":15735779520.9375},"point_estimate":15703560413.17,"standard_error":16131865.694448428},"median":{"confidence_interval":{"confidence_level":0.95,"lower_bound":15635117523.0,"upper_bound":15712328612.0},"point_estimate":15672986621.0,"standard_error":17982361.562523644},"median_abs_dev":{"confidence_interval":{"confidence_level":0.95,"lower_bound":118207830.07669151,"upper_bound":192295872.66396582},"point_estimate":158300709.9864006,"standard_error":18747666.30999594},"slope":null,"std_dev":{"confidence_interval":{"confidence_level":0.95,"lower_bound":138302997.1055295,"upper_bound":185605615.45404586},"point_estimate":162702266.48366168,"standard_error":12135103.79953856}}