{"mean":{"confidence_interval":{"confidence_level":0.95,"lower_bound":5191657419.11,"upper_bound":5238382858.47875},"point_estimate":5214388375.88,"standard_error":11966329.392633297},"median":{"confidence_interval":{"confidence_level":0.95,"lower_bound":5163206613.5,"upper_bound":5207432075.0},"point_estimate":5190008674.5,"standard_error":12405610.123783577},"median_abs_dev":{"confidence_interval":{"confidence_level":0.95,"lower_bound":78446573.68129492,"upper_bound":125153024.24876451},"point_estimate":106511428.38534415,"standard_error":11828996.026445292},"slope":null,"std_dev":{"confidence_interval":{"confidence_level":0.95,"lower_bound":100808407.68163706,"upper_bound":139234152.57430577},"point_estimate":121575913.91222957,"standard_error":9968465.97020035}}