{"mean":{"confidence_interval":{"confidence_level":0.95,"lower_bound":5433378607.28,"upper_bound":5469976208.8377495},"point_estimate":5451312718.06,"standard_error":9319939.660268586},"median":{"confidence_interval":{"confidence_level":0.95,"lower_bound":5419192255.0,"upper_bound":5447012534.5},"point_estimate":5429986644.5,"standard_error":7980851.493883367},"median_abs_dev":{"confidence_interval":{"confidence_level":0.95,"lower_bound":51118373.088807486,"upper_bound":99081041.32575989},"point_estimate":71696739.29852843,"standard_error":11476523.99188448},"slope":null,"std_dev":{"confidence_interval":{"confidence_level":0.95,"lower_bound":76842575.983539,"upper_bound":105373629.02987596},"point_estimate":92186514.30935489,"standard_error":7339188.313299238}}