{"mean":{"confidence_interval":{"confidence_level":0.95,"lower_bound":41317831626.28,"upper_bound":41415143132.19},"point_estimate":41368175146.04,"standard_error":24693650.71958923},"median":{"confidence_interval":{"confidence_level":0.95,"lower_bound":41327530015.0,"upper_bound":41446692503.0},"point_estimate":41416640916.0,"standard_error":32825179.13416919},"median_abs_dev":{"confidence_interval":{"confidence_level":0.95,"lower_bound":166771130.54932058,"upper_bound":281823733.61612856},"point_estimate":235610869.3052709,"standard_error":29168389.919505004},"slope":null,"std_dev":{"confidence_interval":{"confidence_level":0.95,"lower_bound":202395466.84546858,"upper_bound":293854499.965306},"point_estimate":248407177.1782352,"standard_error":23546770.681424383}}