{"mean":{"confidence_interval":{"confidence_level":0.95,"lower_bound":89285782281.73,"upper_bound":90225358788.96},"point_estimate":89756110266.72,"standard_error":240133928.81326097},"median":{"confidence_interval":{"confidence_level":0.95,"lower_bound":89841729894.5,"upper_bound":90924389827.5},"point_estimate":90459381974.5,"standard_error":271953999.58892226},"median_abs_dev":{"confidence_interval":{"confidence_level":0.95,"lower_bound":1456070038.4186893,"upper_bound":2843772449.8040466},"point_estimate":2062036358.1959367,"standard_error":350526370.8737305},"slope":null,"std_dev":{"confidence_interval":{"confidence_level":0.95,"lower_bound":2123291707.038303,"upper_bound":2700146718.6258826},"point_estimate":2439810726.2396345,"standard_error":147061762.26587632}}