{"mean":{"confidence_interval":{"confidence_level":0.95,"lower_bound":12621890332.93,"upper_bound":12669803160.4},"point_estimate":12645723639.77,"standard_error":12173418.299660143},"median":{"confidence_interval":{"confidence_level":0.95,"lower_bound":12598719533.0,"upper_bound":12653537873.0},"point_estimate":12620177702.5,"standard_error":13236608.979462922},"median_abs_dev":{"confidence_interval":{"confidence_level":0.95,"lower_bound":86190790.0903076,"upper_bound":146792932.0767045},"point_estimate":115480755.70020676,"standard_error":14266711.360906273},"slope":null,"std_dev":{"confidence_interval":{"confidence_level":0.95,"lower_bound":105595921.44036785,"upper_bound":142711902.63303012},"point_estimate":124532608.246121,"standard_error":9476119.476794312}}