{"mean":{"confidence_interval":{"confidence_level":0.95,"lower_bound":922099855.13,"upper_bound":929579565.05675},"point_estimate":925865785.55,"standard_error":1885917.818999441},"median":{"confidence_interval":{"confidence_level":0.95,"lower_bound":922596981.0,"upper_bound":933155772.0},"point_estimate":927327363.5,"standard_error":2624282.030363452},"median_abs_dev":{"confidence_interval":{"confidence_level":0.95,"lower_bound":15639001.964852214,"upper_bound":24930849.630188942},"point_estimate":19851612.604263425,"standard_error":2381099.1962984153},"slope":null,"std_dev":{"confidence_interval":{"confidence_level":0.95,"lower_bound":16260408.073785549,"upper_bound":21681637.19690913},"point_estimate":19161021.94923637,"standard_error":1385852.9149670214}}