{"mean":{"confidence_interval":{"confidence_level":0.95,"lower_bound":745323461.97,"upper_bound":753435395.51},"point_estimate":749236218.31,"standard_error":2067527.3184766904},"median":{"confidence_interval":{"confidence_level":0.95,"lower_bound":742698447.5,"upper_bound":750805031.5},"point_estimate":745099579.0,"standard_error":2202896.14725703},"median_abs_dev":{"confidence_interval":{"confidence_level":0.95,"lower_bound":9338897.234201431,"upper_bound":15854213.953131437},"point_estimate":12662384.515097737,"standard_error":1583295.0825871201},"slope":null,"std_dev":{"confidence_interval":{"confidence_level":0.95,"lower_bound":15718087.047478402,"upper_bound":25304546.44845951},"point_estimate":20764551.828224584,"standard_error":2451390.7013474354}}