{"mean":{"confidence_interval":{"confidence_level":0.95,"lower_bound":5218066939.17,"upper_bound":5262881648.644751},"point_estimate":5240282261.26,"standard_error":11430731.996697387},"median":{"confidence_interval":{"confidence_level":0.95,"lower_bound":5174615302.0,"upper_bound":5249025154.0},"point_estimate":5218318138.5,"standard_error":18834631.67635558},"median_abs_dev":{"confidence_interval":{"confidence_level":0.95,"lower_bound":85369917.480281,"upper_bound":147485137.2480154},"point_estimate":122417241.26535952,"standard_error":15395901.671050487},"slope":null,"std_dev":{"confidence_interval":{"confidence_level":0.95,"lower_bound":97997206.65004696,"upper_bound":129843807.9411452},"point_estimate":114975794.1487549,"standard_error":8029967.884286879}}