{"mean":{"confidence_interval":{"confidence_level":0.95,"lower_bound":496858797.33,"upper_bound":505091104.99},"point_estimate":501030087.71,"standard_error":2078404.6042943527},"median":{"confidence_interval":{"confidence_level":0.95,"lower_bound":493206628.0,"upper_bound":512504965.0},"point_estimate":500489259.0,"standard_error":5308699.534503276},"median_abs_dev":{"confidence_interval":{"confidence_level":0.95,"lower_bound":20116403.921742443,"upper_bound":29948313.386911154},"point_estimate":26423858.19698274,"standard_error":2419077.356222953},"slope":null,"std_dev":{"confidence_interval":{"confidence_level":0.95,"lower_bound":18748139.177849717,"upper_bound":23195894.637058944},"point_estimate":21021724.634798512,"standard_error":1133056.046450936}}