{"mean":{"confidence_interval":{"confidence_level":0.95,"lower_bound":27158988034.05,"upper_bound":27596238764.76},"point_estimate":27369791950.91,"standard_error":111812590.67976435},"median":{"confidence_interval":{"confidence_level":0.95,"lower_bound":26800284271.0,"upper_bound":26877561411.0},"point_estimate":26838778563.5,"standard_error":23523913.505598065},"median_abs_dev":{"confidence_interval":{"confidence_level":0.95,"lower_bound":121938576.45085752,"upper_bound":262705174.03635085},"point_estimate":200048714.09832537,"standard_error":36473816.24766214},"slope":null,"std_dev":{"confidence_interval":{"confidence_level":0.95,"lower_bound":896877486.2567755,"upper_bound":1320128351.3487918},"point_estimate":1134923347.2006893,"standard_error":107673364.08648427}}