{"mean":{"confidence_interval":{"confidence_level":0.95,"lower_bound":3631008487.16,"upper_bound":3678498050.6992497},"point_estimate":3654782649.51,"standard_error":12118849.61288296},"median":{"confidence_interval":{"confidence_level":0.95,"lower_bound":3612363259.0,"upper_bound":3714919032.0},"point_estimate":3670869634.0,"standard_error":29016313.98481177},"median_abs_dev":{"confidence_interval":{"confidence_level":0.95,"lower_bound":109483111.74238622,"upper_bound":166939645.3827488},"point_estimate":129048405.38103282,"standard_error":14146768.963011896},"slope":null,"std_dev":{"confidence_interval":{"confidence_level":0.95,"lower_bound":106904655.97354127,"upper_bound":135093195.90253603},"point_estimate":122009378.72347029,"standard_error":7176654.680608775}}