{"mean":{"confidence_interval":{"confidence_level":0.95,"lower_bound":192416072.52,"upper_bound":196376976.47},"point_estimate":194361927.27,"standard_error":1006107.7847138974},"median":{"confidence_interval":{"confidence_level":0.95,"lower_bound":190517646.0,"upper_bound":196411867.0},"point_estimate":194006890.0,"standard_error":1620170.016799046},"median_abs_dev":{"confidence_interval":{"confidence_level":0.95,"lower_bound":7543758.8664890155,"upper_bound":11693185.357496955},"point_estimate":9441465.724280477,"standard_error":1088689.9214212082},"slope":null,"std_dev":{"confidence_interval":{"confidence_level":0.95,"lower_bound":7977538.564794016,"upper_bound":12517393.570890624},"point_estimate":10174541.328048693,"standard_error":1182353.4602500682}}