{"mean":{"confidence_interval":{"confidence_level":0.95,"lower_bound":5564981316.96,"upper_bound":5590814493.52},"point_estimate":5577540938.58,"standard_error":6570976.285947693},"median":{"confidence_interval":{"confidence_level":0.95,"lower_bound":5563862071.0,"upper_bound":5592560038.5},"point_estimate":5574313053.0,"standard_error":6728689.509178313},"median_abs_dev":{"confidence_interval":{"confidence_level":0.95,"lower_bound":41018702.806672454,"upper_bound":74173418.1067586},"point_estimate":57649015.59192538,"standard_error":8274993.28581806},"slope":null,"std_dev":{"confidence_interval":{"confidence_level":0.95,"lower_bound":53263383.631691046,"upper_bound":78135913.27521187},"point_estimate":66081664.43843397,"standard_error":6365603.014643032}}