{"mean":{"confidence_interval":{"confidence_level":0.95,"lower_bound":1423967028.58,"upper_bound":1435279387.46},"point_estimate":1429538437.58,"standard_error":2885388.4093611757},"median":{"confidence_interval":{"confidence_level":0.95,"lower_bound":1427661903.0,"upper_bound":1434555494.0},"point_estimate":1431399138.5,"standard_error":1778481.9187745282},"median_abs_dev":{"confidence_interval":{"confidence_level":0.95,"lower_bound":13134686.01051271,"upper_bound":21597233.226272464},"point_estimate":17195838.684412837,"standard_error":2182881.079048915},"slope":null,"std_dev":{"confidence_interval":{"confidence_level":0.95,"lower_bound":21584982.741529513,"upper_bound":35723985.02500011},"point_estimate":29001340.416381758,"standard_error":3609899.6846445655}}