{"mean":{"confidence_interval":{"confidence_level":0.95,"lower_bound":5455139155.17,"upper_bound":5483277883.7},"point_estimate":5468766142.61,"standard_error":7068802.426656408},"median":{"confidence_interval":{"confidence_level":0.95,"lower_bound":5446933186.0,"upper_bound":5467778736.0},"point_estimate":5453662798.5,"standard_error":5063874.791074612},"median_abs_dev":{"confidence_interval":{"confidence_level":0.95,"lower_bound":42304705.57604134,"upper_bound":76680924.61624146},"point_estimate":56362323.413568735,"standard_error":8681038.70893151},"slope":null,"std_dev":{"confidence_interval":{"confidence_level":0.95,"lower_bound":60310713.88538885,"upper_bound":84065718.97658637},"point_estimate":73078201.80758603,"standard_error":6082165.90200741}}