{"mean":{"confidence_interval":{"confidence_level":0.95,"lower_bound":5554722173.410001,"upper_bound":5851863897.94},"point_estimate":5708534854.79,"standard_error":75785679.45943737},"median":{"confidence_interval":{"confidence_level":0.95,"lower_bound":6078509671.0,"upper_bound":6139176360.0},"point_estimate":6113783710.0,"standard_error":19716577.9922938},"median_abs_dev":{"confidence_interval":{"confidence_level":0.95,"lower_bound":70535389.82844651,"upper_bound":161440444.56785917},"point_estimate":99075480.8345586,"standard_error":27322405.273685817},"slope":null,"std_dev":{"confidence_interval":{"confidence_level":0.95,"lower_bound":631745044.2024468,"upper_bound":842579512.5104291},"point_estimate":753643838.6405244,"standard_error":54016125.48459339}}