{"mean":{"confidence_interval":{"confidence_level":0.95,"lower_bound":71603245933.02,"upper_bound":72183801577.02625},"point_estimate":71911449190.04,"standard_error":149096146.33695233},"median":{"confidence_interval":{"confidence_level":0.95,"lower_bound":72127739515.0,"upper_bound":72507132998.0},"point_estimate":72365366940.0,"standard_error":98272686.93192726},"median_abs_dev":{"confidence_interval":{"confidence_level":0.95,"lower_bound":505884000.11146367,"upper_bound":944983439.3265903},"point_estimate":740207357.3605925,"standard_error":111080872.2678065},"slope":null,"std_dev":{"confidence_interval":{"confidence_level":0.95,"lower_bound":1091410138.9395514,"upper_bound":1827725814.2776625},"point_estimate":1487008163.8148592,"standard_error":188139119.61197275}}