{"mean":{"confidence_interval":{"confidence_level":0.95,"lower_bound":1410390200.83,"upper_bound":1424685292.86},"point_estimate":1417630092.89,"standard_error":3680963.4325799514},"median":{"confidence_interval":{"confidence_level":0.95,"lower_bound":1417827099.0,"upper_bound":1429485616.0},"point_estimate":1424388708.5,"standard_error":3020787.29877066},"median_abs_dev":{"confidence_interval":{"confidence_level":0.95,"lower_bound":18585076.687601443,"upper_bound":31498249.34489429},"point_estimate":25249131.227338314,"standard_error":3340190.5065458408},"slope":null,"std_dev":{"confidence_interval":{"confidence_level":0.95,"lower_bound":28679708.36974808,"upper_bound":44189868.59825271},"point_estimate":36989845.120003484,"standard_error":3972610.9133741334}}