{"mean":{"confidence_interval":{"confidence_level":0.95,"lower_bound":15286939729.57,"upper_bound":15340459220.76},"point_estimate":15313317408.64,"standard_error":13536900.642797656},"median":{"confidence_interval":{"confidence_level":0.95,"lower_bound":15268936876.0,"upper_bound":15355073400.0},"point_estimate":15302008592.0,"standard_error":18162240.702808533},"median_abs_dev":{"confidence_interval":{"confidence_level":0.95,"lower_bound":115136650.91801584,"upper_bound":167120304.3408215},"point_estimate":139879179.21694815,"standard_error":12991776.942413455},"slope":null,"std_dev":{"confidence_interval":{"confidence_level":0.95,"lower_bound":118216519.12844524,"upper_bound":154289984.9423726},"point_estimate":137015128.6922275,"standard_error":9305417.855516005}}