{"mean":{"confidence_interval":{"confidence_level":0.95,"lower_bound":14297201518.83475,"upper_bound":14345727612.80025},"point_estimate":14321255594.75,"standard_error":12240596.033113683},"median":{"confidence_interval":{"confidence_level":0.95,"lower_bound":14272983029.0,"upper_bound":14346530286.0},"point_estimate":14301488282.5,"standard_error":20725399.638174355},"median_abs_dev":{"confidence_interval":{"confidence_level":0.95,"lower_bound":82098765.23715556,"upper_bound":136841735.87937355},"point_estimate":101362132.58026242,"standard_error":13958616.548420612},"slope":null,"std_dev":{"confidence_interval":{"confidence_level":0.95,"lower_bound":104579121.9337259,"upper_bound":140029407.46505377},"point_estimate":123193495.87625599,"standard_error":9051686.761077838}}