{"mean":{"confidence_interval":{"confidence_level":0.95,"lower_bound":19929127474.17,"upper_bound":20070607786.96},"point_estimate":20000391174.85,"standard_error":36009059.06289421},"median":{"confidence_interval":{"confidence_level":0.95,"lower_bound":19865927004.0,"upper_bound":20044527145.537483},"point_estimate":19954337028.5,"standard_error":47325457.682603836},"median_abs_dev":{"confidence_interval":{"confidence_level":0.95,"lower_bound":303621825.0390351,"upper_bound":510927573.19502234},"point_estimate":428203978.8010597,"standard_error":55165475.74932138},"slope":null,"std_dev":{"confidence_interval":{"confidence_level":0.95,"lower_bound":313244954.4011138,"upper_bound":395592646.1171133},"point_estimate":357246840.88314164,"standard_error":21137763.097069513}}