{"mean":{"confidence_interval":{"confidence_level":0.95,"lower_bound":164732232229.52,"upper_bound":165063838557.92},"point_estimate":164899973344.36,"standard_error":83567389.89464036},"median":{"confidence_interval":{"confidence_level":0.95,"lower_bound":164709011240.5,"upper_bound":165205971767.5},"point_estimate":164973760902.0,"standard_error":140845769.45717773},"median_abs_dev":{"confidence_interval":{"confidence_level":0.95,"lower_bound":739485345.2581108,"upper_bound":1141573240.2733235},"point_estimate":991542681.9866985,"standard_error":105331587.49196027},"slope":null,"std_dev":{"confidence_interval":{"confidence_level":0.95,"lower_bound":726166653.1602565,"upper_bound":929573882.0978267},"point_estimate":832151060.5169262,"standard_error":51656443.750937566}}