{"mean":{"confidence_interval":{"confidence_level":0.95,"lower_bound":5496009779.4,"upper_bound":5528266210.79},"point_estimate":5511832854.08,"standard_error":8221694.992584238},"median":{"confidence_interval":{"confidence_level":0.95,"lower_bound":5499106894.0,"upper_bound":5526479169.0},"point_estimate":5512424290.0,"standard_error":7654376.22520155},"median_abs_dev":{"confidence_interval":{"confidence_level":0.95,"lower_bound":60540331.65219426,"upper_bound":104964258.21761191},"point_estimate":80088951.97153687,"standard_error":11723806.129981034},"slope":null,"std_dev":{"confidence_interval":{"confidence_level":0.95,"lower_bound":69114353.259111,"upper_bound":95488722.57269979},"point_estimate":82491096.37541102,"standard_error":6739219.718263545}}