{"mean":{"confidence_interval":{"confidence_level":0.95,"lower_bound":14958344116.16,"upper_bound":15012956193.07},"point_estimate":14985046938.83,"standard_error":13885588.040618893},"median":{"confidence_interval":{"confidence_level":0.95,"lower_bound":14938036301.5,"upper_bound":14997407284.0},"point_estimate":14963308320.0,"standard_error":15036789.948006142},"median_abs_dev":{"confidence_interval":{"confidence_level":0.95,"lower_bound":80551069.48773265,"upper_bound":134692197.2031355},"point_estimate":100625960.1654321,"standard_error":13709176.398800394},"slope":null,"std_dev":{"confidence_interval":{"confidence_level":0.95,"lower_bound":111275269.20851426,"upper_bound":170285141.96262634},"point_estimate":141075433.14210337,"standard_error":15067241.323942019}}